rank,source_word,zipf
1,και,7.51
2,το,7.48
3,να,7.44
4,του,7.28
5,η,7.24
6,με,7.22
7,την,7.21
8,τησ,7.20
9,για,7.18
10,ο,7.14
11,που,7.11
12,τα,7.07
13,από,7.06
14,σε,7.04
15,δεν,7.02
16,θα,7.01
17,τον,7.01
18,είναι,6.99
19,στο,6.99
20,στην,6.89
21,οι,6.87
22,των,6.85
23,μου,6.83
24,τη,6.81
25,τουσ,6.77
26,μασ,6.67
27,τισ,6.63
28,ότι,6.61
29,μια,6.60
30,ένα,6.59
31,στη,6.58
32,ήταν,6.56
33,τι,6.53
34,σασ,6.52
35,σου,6.51
36,στα,6.49
37,αν,6.48
38,στον,6.46
39,έχει,6.43
40,αλλά,6.40
41,αυτό,6.40
42,ή,6.36
43,στισ,6.36
44,κι,6.30
45,όταν,6.26
46,πωσ,6.25
47,μην,6.23
48,γιατί,6.21
49,πολύ,6.20
50,δε,6.19
51,όπωσ,6.18
52,πιο,6.17
53,μετά,6.16
54,μόνο,6.16
55,αυτή,6.13
56,ωσ,6.13
57,πρέπει,6.12
58,μπορεί,6.11
59,κατά,6.09
60,όχι,6.09
61,δύο,6.07
62,όλα,6.07
63,μέσα,6.06
64,σ,6.04
65,στουσ,6.04
66,είχε,6.03
67,τώρα,6.03
68,έχουν,6.02
69,έχω,6.00
70,μία,6.00
71,σαν,6.00
72,χρόνια,6.00
73,εγώ,5.99
74,κάνει,5.99
75,α,5.97
76,μέχρι,5.97
77,εδώ,5.95
78,κάτι,5.95
79,χωρίσ,5.95
80,ένασ,5.94
81,έτσι,5.94
82,κάθε,5.94
83,αυτά,5.93
84,μη,5.93
85,κ,5.92
86,όμωσ,5.92
87,ζωή,5.91
88,παιδιά,5.91
89,σήμερα,5.91
90,ενώ,5.90
91,ναι,5.90
92,πριν,5.90
93,προσ,5.89
94,υπάρχει,5.89
95,είμαι,5.88
96,είσαι,5.88
97,ελλάδα,5.88
98,οποία,5.88
99,ακόμα,5.87
100,καλά,5.87
101,μαζί,5.87
102,τόσο,5.86
103,νέα,5.85
104,πάντα,5.84
105,έναν,5.83
106,έχουμε,5.83
107,απ,5.83
108,καθώσ,5.83
109,λίγο,5.83
110,τότε,5.83
111,ούτε,5.81
112,όλοι,5.81
113,επίσησ,5.79
114,έχεισ,5.78
115,καλό,5.78
116,πάνω,5.78
117,ασ,5.76
118,μέροσ,5.76
119,πολλά,5.76
120,ποτέ,5.76
121,φορά,5.76
122,απο,5.75
123,μ,5.75
124,όπου,5.75
125,καλή,5.74
126,μέρα,5.74
127,όσο,5.74
128,ώρα,5.74
129,άλλο,5.73
130,έγινε,5.73
131,εκεί,5.73
132,πρώτη,5.72
133,άλλη,5.71
134,οποίο,5.71
135,υπάρχουν,5.71
136,γίνει,5.70
137,θέλω,5.70
138,μέσω,5.70
139,θέση,5.69
140,λέει,5.69
141,σπίτι,5.69
142,λεσ,5.68
143,μεγάλη,5.68
144,ν,5.68
145,ε,5.67
146,μεταξύ,5.67
147,σύμφωνα,5.67
148,αυτόσ,5.66
149,γίνεται,5.66
150,είμαστε,5.66
151,ενόσ,5.66
152,εσύ,5.66
153,πώσ,5.66
154,έχετε,5.65
155,ειναι,5.65
156,τέλοσ,5.65
157,τίποτα,5.65
158,είπε,5.64
159,κάνω,5.64
160,ομάδα,5.64
161,στιγμή,5.64
162,όλουσ,5.64
163,έκανε,5.63
164,β,5.63
165,εκτόσ,5.63
166,ακόμη,5.62
167,κάτω,5.62
168,κόσμο,5.62
169,χώρα,5.62
170,δυο,5.61
171,πόσο,5.61
172,χρόνο,5.61
173,αυτέσ,5.60
174,κάνουν,5.60
175,φορέσ,5.60
176,θέλει,5.59
177,κυβέρνηση,5.59
178,πάλι,5.59
179,έωσ,5.58
180,ίδιο,5.58
181,γ,5.58
182,εμείσ,5.58
183,μόλισ,5.58
184,άλλα,5.57
185,απλά,5.57
186,αφού,5.57
187,επειδή,5.57
188,λόγω,5.57
189,οχι,5.57
190,ίδια,5.56
191,γυναίκα,5.56
192,μεγάλο,5.56
193,πάει,5.56
194,πίσω,5.56
195,πω,5.56
196,είστε,5.55
197,είχαν,5.55
198,ιστορία,5.55
199,κάνεισ,5.55
200,ποιοσ,5.55
201,τελευταία,5.55
202,άνθρωποι,5.54
203,κανείσ,5.54
204,λένε,5.54
205,πόλη,5.54
206,όλεσ,5.54
207,όλο,5.54
208,νέο,5.53
209,οτι,5.53
210,πρώτο,5.53
211,όλη,5.53
212,θέμα,5.52
213,όνομα,5.52
214,ώστε,5.52
215,ήδη,5.51
216,αθήνα,5.51
217,αυτοί,5.51
218,βρίσκεται,5.51
219,εν,5.51
220,κοντά,5.51
221,παιδί,5.51
222,τελικά,5.51
223,γι,5.50
224,δηλαδή,5.50
225,κάποια,5.50
226,μα,5.50
227,ξέρω,5.50
228,πολλέσ,5.50
229,συνέχεια,5.50
230,τρόπο,5.50
231,περιοχή,5.49
232,περισσότερο,5.49
233,ώρεσ,5.49
234,δουλειά,5.48
235,ευρώ,5.48
236,κάποιοσ,5.48
237,μέρεσ,5.48
238,μιασ,5.48
239,πολιτική,5.48
240,πράγματα,5.48
241,βράδυ,5.47
242,δείτε,5.47
243,θεσ,5.47
244,λέω,5.47
245,στοιχεία,5.47
246,αγάπη,5.46
247,ανθρώπουσ,5.46
248,δ,5.46
249,εσείσ,5.46
250,πήρε,5.46
251,περίπου,5.46
252,ελληνική,5.45
253,καλύτερα,5.45
254,σχέση,5.45
255,τρεισ,5.45
256,επί,5.44
257,λοιπόν,5.44
258,μάλιστα,5.44
259,σύστημα,5.44
260,ό,5.44
261,έξω,5.43
262,κάνουμε,5.43
263,μπορούν,5.43
264,πει,5.43
265,πρόκειται,5.43
266,άλλεσ,5.42
267,μέτρα,5.42
268,μπορείτε,5.42
269,πλέον,5.42
270,φαίνεται,5.42
271,ίσωσ,5.41
272,αυτούσ,5.41
273,διάρκεια,5.41
274,πρόβλημα,5.41
275,σχεδόν,5.41
276,αύριο,5.40
277,δω,5.40
278,κέντρο,5.40
279,μπορώ,5.40
280,ποια,5.40
281,πρώτα,5.40
282,ω,5.40
283,άνθρωποσ,5.39
284,αλήθεια,5.39
285,αποτελεί,5.39
286,είχα,5.39
287,εκ,5.39
288,μπροστά,5.39
289,παρά,5.39
290,πρωί,5.39
291,αποτέλεσμα,5.38
292,αρκετά,5.38
293,γύρω,5.38
294,λάθοσ,5.38
295,μάτια,5.38
296,πάω,5.38
297,βάση,5.37
298,βλέπω,5.37
299,ελλάδασ,5.37
300,ηπα,5.37
301,μπορείσ,5.37
302,πάρει,5.37
303,σειρά,5.37
304,σχετικά,5.37
305,τ,5.37
306,χρειάζεται,5.37
307,αυτόν,5.36
308,πρόεδροσ,5.36
309,σημαίνει,5.36
310,τουλάχιστον,5.36
311,υπό,5.36
312,έλληνεσ,5.35
313,εκείνη,5.35
314,ζωήσ,5.35
315,κάνετε,5.35
316,καμία,5.35
317,λόγο,5.35
318,πάμε,5.35
319,πασ,5.35
320,τμήμα,5.35
321,άτομα,5.34
322,γυναίκεσ,5.34
323,εαυτό,5.34
324,οποίοσ,5.34
325,πέντε,5.34
326,πια,5.34
327,πού,5.34
328,πρόγραμμα,5.34
329,πρώην,5.34
330,πότε,5.34
331,τρία,5.34
332,χρήση,5.34
333,όσα,5.34
334,άλλουσ,5.33
335,έρχεται,5.33
336,δει,5.33
337,δικό,5.33
338,κατάσταση,5.33
339,κυρίωσ,5.33
340,μήνεσ,5.33
341,νερό,5.33
342,οικογένεια,5.33
343,φίλε,5.33
344,ακριβώσ,5.32
345,βιβλίο,5.32
346,ξέρεισ,5.32
347,φυσικά,5.32
348,αγώνα,5.31
349,αργότερα,5.31
350,δρόμο,5.31
351,ημέρα,5.31
352,κόρη,5.31
353,μπορούσε,5.31
354,πέθανε,5.31
355,πεσ,5.31
356,ωραία,5.31
357,έργο,5.30
358,αρχή,5.30
359,αυτήν,5.30
360,είτε,5.30
361,ενα,5.30
362,ετών,5.30
363,χώρασ,5.30
364,έπρεπε,5.29
365,ελληνικό,5.29
366,ευχαριστώ,5.29
367,θέλουν,5.29
368,κόσμοσ,5.29
369,μάλλον,5.29
370,π,5.29
371,σημαντικό,5.29
372,σώμα,5.29
373,ευρώπη,5.28
374,καρδιά,5.28
375,λεπτά,5.28
376,μωρό,5.28
377,ξανά,5.28
378,χθεσ,5.28
379,ωστόσο,5.28
380,έλα,5.27
381,κανένα,5.27
382,μέλη,5.27
383,μήπωσ,5.27
384,μικρό,5.27
385,μπορούμε,5.27
386,περίπτωση,5.27
387,πραγματικά,5.27
388,σημείο,5.27
389,ανάμεσα,5.26
390,γεγονόσ,5.26
391,δύναμη,5.26
392,καιρό,5.26
393,μουσική,5.26
394,περισσότερα,5.26
395,τέτοια,5.26
396,άλλων,5.25
397,αυτού,5.25
398,εάν,5.25
399,θέλετε,5.25
400,θεσσαλονίκη,5.25
401,κάποιο,5.25
402,μικρή,5.25
403,μυαλό,5.25
404,παιχνίδι,5.25
405,συμφωνία,5.25
406,σχέδιο,5.25
407,άλλοι,5.24
408,δήμου,5.24
409,δεισ,5.24
410,καλύτερο,5.24
411,οποίεσ,5.24
412,πλευρά,5.24
413,εταιρεία,5.23
414,ξέρει,5.23
415,πατέρα,5.23
416,πατέρασ,5.23
417,χέρι,5.23
418,χέρια,5.23
419,χώρο,5.23
420,άλλοσ,5.22
421,ήρθε,5.22
422,εμένα,5.22
423,εποχή,5.22
424,καλύτερη,5.22
425,λέμε,5.22
426,οπότε,5.22
427,σίγουρα,5.22
428,χαρά,5.22
429,βέβαια,5.21
430,δική,5.21
431,ευκαιρία,5.21
432,νομίζω,5.21
433,περί,5.21
434,περίοδο,5.21
435,ποιο,5.21
436,πολλοί,5.21
437,σχολείο,5.21
438,τρίτη,5.21
439,έδωσε,5.20
440,αμέσωσ,5.20
441,ανάπτυξη,5.20
442,δίνει,5.20
443,είχαμε,5.20
444,εθνική,5.20
445,εκλογέσ,5.20
446,επόμενη,5.20
447,ηταν,5.20
448,ιδιαίτερα,5.20
449,λεφτά,5.20
450,μεγαλύτερη,5.20
451,μητέρα,5.20
452,φίλοι,5.20
453,αρχέσ,5.19
454,αυτο,5.19
455,δίπλα,5.19
456,δούμε,5.19
457,θέσεισ,5.19
458,κάποιον,5.19
459,καμιά,5.19
460,κόσμου,5.19
461,μερικέσ,5.19
462,συμμετοχή,5.19
463,συνήθωσ,5.19
464,συχνά,5.19
465,χώρεσ,5.19
466,ίδιοσ,5.18
467,αρέσει,5.18
468,βοήθεια,5.18
469,θεσσαλονίκησ,5.18
470,νίκη,5.18
471,πάνε,5.18
472,ταινία,5.18
473,διάστημα,5.17
474,είπα,5.17
475,ελληνικήσ,5.17
476,επίθεση,5.17
477,επίπεδο,5.17
478,επιτυχία,5.17
479,ηλικία,5.17
480,κράτοσ,5.17
481,πληροφορίεσ,5.17
482,ρε,5.17
483,τύπου,5.17
484,έξι,5.16
485,ήθελα,5.16
486,βρίσκονται,5.16
487,γιοσ,5.16
488,γονείσ,5.16
489,γρήγορα,5.16
490,εβδομάδα,5.16
491,ι,5.16
492,κυβέρνησησ,5.16
493,λέξη,5.16
494,μήνα,5.16
495,μήνυμα,5.16
496,μόνοσ,5.16
497,πήγε,5.16
498,πεισ,5.16
499,πόλησ,5.16
500,μένα,5.15
501,παράδειγμα,5.15
502,προβλήματα,5.15
503,τί,5.15
504,τιμή,5.15
505,υπήρχε,5.15
506,υπουργόσ,5.15
507,αξίζει,5.14
508,αποτελέσματα,5.14
509,ελληνικά,5.14
510,επιλογή,5.14
511,επιπλέον,5.14
512,εχω,5.14
513,καλοκαίρι,5.14
514,καφέ,5.14
515,μόνη,5.14
516,πιστεύω,5.14
517,τελευταίο,5.14
518,φωτογραφίεσ,5.14
519,έκανα,5.13
520,αυτήσ,5.13
521,βίντεο,5.13
522,κάποιεσ,5.13
523,λόγια,5.13
524,λόγοσ,5.13
525,νέασ,5.13
526,ομάδασ,5.13
527,πέρα,5.13
528,σεπτεμβρίου,5.13
529,σημασία,5.13
530,σκοπό,5.13
531,φωσ,5.13
532,βλέπεισ,5.12
533,δεύτερη,5.12
534,δώσει,5.12
535,εντόσ,5.12
536,θάλασσα,5.12
537,πορεία,5.12
538,χωριό,5.12
539,έλεγχο,5.11
540,ήμουν,5.11
541,αγορά,5.11
542,αλλα,5.11
543,αλλιώσ,5.11
544,αυτών,5.11
545,αφορά,5.11
546,γη,5.11
547,δυνάμεισ,5.11
548,θ,5.11
549,θέλουμε,5.11
550,κεφάλι,5.11
551,μεγαλύτερο,5.11
552,μορφή,5.11
553,νύχτα,5.11
554,πρόσωπο,5.11
555,όλων,5.11
556,έκαναν,5.10
557,ανάγκη,5.10
558,αντί,5.10
559,γιώργοσ,5.10
560,είδα,5.10
561,εναντίον,5.10
562,εχει,5.10
563,μέλλον,5.10
564,μέση,5.10
565,νέεσ,5.10
566,πέρασε,5.10
567,ρόλο,5.10
568,ταξίδι,5.10
569,όμορφη,5.10
570,όνομά,5.10
571,άδεια,5.09
572,απάντηση,5.09
573,απόψε,5.09
574,γλώσσα,5.09
575,δείχνει,5.09
576,δεύτερο,5.09
577,εικόνα,5.09
578,εμάσ,5.09
579,εργασίασ,5.09
580,ημέρεσ,5.09
581,θέλεισ,5.09
582,κακό,5.09
583,καν,5.09
584,μέλοσ,5.09
585,μαρτίου,5.09
586,ομάδεσ,5.09
587,περισσότερεσ,5.09
588,πραγματικότητα,5.09
589,πόλεμο,5.09
590,τρόποσ,5.09
591,υπόθεση,5.09
592,φωτογραφία,5.09
593,χάρη,5.09
594,έργα,5.08
595,έρευνα,5.08
596,έρθει,5.08
597,ανά,5.08
598,απέναντι,5.08
599,αριθμό,5.08
600,γερμανία,5.08
601,γιο,5.08
602,είδοσ,5.08
603,κάπου,5.08
604,κορίτσια,5.08
605,λίγα,5.08
606,μαρία,5.08
607,μεγάλεσ,5.08
608,μερικά,5.08
609,περάσει,5.08
610,περιοχέσ,5.08
611,πράγμα,5.08
612,προσοχή,5.08
613,σένα,5.08
614,σχέσεισ,5.08
615,τίτλο,5.08
616,τουρκία,5.08
617,τύπο,5.08
618,φίλουσ,5.08
619,άνθρωπο,5.07
620,απόφαση,5.07
621,γιάννησ,5.07
622,δημιουργία,5.07
623,εκατομμύρια,5.07
624,θάνατο,5.07
625,κάποιοι,5.07
626,κατηγορία,5.07
627,κομμάτι,5.07
628,ξέρετε,5.07
629,ξεκίνησε,5.07
630,οποίοι,5.07
631,πάντωσ,5.07
632,πείτε,5.07
633,συνάντηση,5.07
634,φωτιά,5.07
635,ωραίο,5.07
636,αγίου,5.06
637,αθηνών,5.06
638,αυγούστου,5.06
639,αυτοκίνητο,5.06
640,γραμμή,5.06
641,ελα,5.06
642,εσένα,5.06
643,κα,5.06
644,καλημέρα,5.06
645,κοινό,5.06
646,κυριακή,5.06
647,μακριά,5.06
648,παράλληλα,5.06
649,παραπάνω,5.06
650,πρώτοσ,5.06
651,πόδια,5.06
652,συμβαίνει,5.06
653,χαρακτηριστικά,5.06
654,χρονιά,5.06
655,αγώνεσ,5.05
656,αποστολή,5.05
657,αριθμόσ,5.05
658,γραφείο,5.05
659,δέκα,5.05
660,δισ,5.05
661,εκκλησία,5.05
662,ελλήνων,5.05
663,ενδιαφέρον,5.05
664,εσάσ,5.05
665,κρίση,5.05
666,μαμά,5.05
667,νέου,5.05
668,νίκοσ,5.05
669,πάρω,5.05
670,πήρα,5.05
671,στ,5.05
672,τέτοιο,5.05
673,τραγούδι,5.05
674,χιλιάδεσ,5.05
675,χρόνοσ,5.05
676,έρχονται,5.04
677,αέρα,5.04
678,βρει,5.04
679,δικά,5.04
680,είδουσ,5.04
681,εξήσ,5.04
682,επιτροπή,5.04
683,καθόλου,5.04
684,λιγότερο,5.04
685,μάχη,5.04
686,παγκόσμια,5.04
687,άρθρο,5.03
688,έλεγε,5.03
689,γίνονται,5.03
690,γενικά,5.03
691,δημοκρατία,5.03
692,ειδικά,5.03
693,ετσι,5.03
694,θεόσ,5.03
695,ιδέα,5.03
696,κανένασ,5.03
697,οικονομία,5.03
698,παίρνει,5.03
699,παρασκευή,5.03
700,παρουσία,5.03
701,τηλέφωνο,5.03
702,υγεία,5.03
703,όσουσ,5.03
704,άνδρεσ,5.02
705,άντρεσ,5.02
706,έκδοση,5.02
707,έτοσ,5.02
708,βρέθηκε,5.02
709,γκολ,5.02
710,εε,5.02
711,εθνικήσ,5.02
712,ελληνικού,5.02
713,εντάξει,5.02
714,επόμενο,5.02
715,κάνε,5.02
716,μπράβο,5.02
717,οταν,5.02
718,παλιά,5.02
719,πολλούσ,5.02
720,σεξ,5.02
721,συμβούλιο,5.02
722,συνεργασία,5.02
723,σωστά,5.02
724,σύντομα,5.02
725,φαγητό,5.02
726,δημοκρατίασ,5.01
727,διαδικασία,5.01
728,εύκολα,5.01
729,κάποτε,5.01
730,κίνηση,5.01
731,μεγάλα,5.01
732,νοσοκομείο,5.01
733,συριζα,5.01
734,σύνολο,5.01
735,υγείασ,5.01
736,υπέρ,5.01
737,φάση,5.01
738,όσοι,5.01
739,άρεσε,5.00
740,έλληνασ,5.00
741,αναφέρει,5.00
742,ασφάλεια,5.00
743,βιβλία,5.00
744,βουλή,5.00
745,βρείτε,5.00
746,γάμο,5.00
747,δικαίωμα,5.00
748,δωρεάν,5.00
749,δύσκολο,5.00
750,εδω,5.00
751,θέματα,5.00
752,κάντε,5.00
753,λίστα,5.00
754,μέρη,5.00
755,μείνει,5.00
756,οκτωβρίου,5.00
757,πάρε,5.00
758,πανεπιστήμιο,5.00
759,παντού,5.00
760,περιλαμβάνει,5.00
761,πούμε,5.00
762,πρωθυπουργόσ,5.00
763,πόρτα,5.00
764,σημαντική,5.00
765,σιγά,5.00
766,σοβαρά,5.00
767,συγκεκριμένα,5.00
768,χρήματα,5.00
769,άρχισε,4.99
770,ανήκει,4.99
771,αναφορά,4.99
772,βήμα,4.99
773,γεια,4.99
774,γνωστό,4.99
775,δράση,4.99
776,δυστυχώσ,4.99
777,κόμμα,4.99
778,λειτουργία,4.99
779,μικρά,4.99
780,νησί,4.99
781,ξέρουν,4.99
782,περιοχήσ,4.99
783,τέσσερισ,4.99
784,τόσα,4.99
785,υπουργείο,4.99
786,ψυχή,4.99
787,άνω,4.98
788,έκθεση,4.98
789,αιώνα,4.98
790,αποτελούν,4.98
791,εικόνεσ,4.98
792,εμφάνιση,4.98
793,εξαιτίασ,4.98
794,επιστροφή,4.98
795,ερώτηση,4.98
796,εφημερίδα,4.98
797,θεού,4.98
798,κράτουσ,4.98
799,κύριε,4.98
800,κύριο,4.98
801,μιλάει,4.98
802,νέων,4.98
803,παραγωγή,4.98
804,προϊόντα,4.98
805,πρόταση,4.98
806,υπηρεσία,4.98
807,φέρει,4.98
808,χ,4.98
809,άντρα,4.97
810,αθήνασ,4.97
811,απόγευμα,4.97
812,αστυνομία,4.97
813,δημόσια,4.97
814,διάφορα,4.97
815,διαφορά,4.97
816,δώρο,4.97
817,εξέλιξη,4.97
818,καιρόσ,4.97
819,κοινωνία,4.97
820,κύπρο,4.97
821,λέγεται,4.97
822,λύση,4.97
823,παίζει,4.97
824,πανεπιστημίου,4.97
825,παρελθόν,4.97
826,προκειμένου,4.97
827,σάββατο,4.97
828,τέσσερα,4.97
829,τηλεόραση,4.97
830,άποψη,4.96
831,έγιναν,4.96
832,ένωση,4.96
833,αλλαγή,4.96
834,απλώσ,4.96
835,απριλίου,4.96
836,αριστερά,4.96
837,δευτέρα,4.96
838,εξ,4.96
839,επιτέλουσ,4.96
840,εταιρείασ,4.96
841,εχεισ,4.96
842,θέατρο,4.96
843,νέοσ,4.96
844,ντε,4.96
845,ξέρουμε,4.96
846,παρακαλώ,4.96
847,προσπάθεια,4.96
848,σκέφτομαι,4.96
849,φέτοσ,4.96
850,χρόνου,4.96
851,όμορφο,4.96
852,άντρασ,4.95
853,άτομο,4.95
854,ακούω,4.95
855,αύξηση,4.95
856,δήμο,4.95
857,δήμοσ,4.95
858,εθνικό,4.95
859,επιχείρηση,4.95
860,κλπ,4.95
861,λίγεσ,4.95
862,μισό,4.95
863,πρωτάθλημα,4.95
864,ρωσία,4.95
865,σημερινή,4.95
866,ταυτόχρονα,4.95
867,τού,4.95
868,χρώμα,4.95
869,γράφει,4.94
870,δεσ,4.94
871,είδη,4.94
872,εισ,4.94
873,εκατ,4.94
874,ελλάδοσ,4.94
875,επαφή,4.94
876,ζήτησε,4.94
877,ιουλίου,4.94
878,ιουνίου,4.94
879,λέτε,4.94
880,μαλλιά,4.94
881,μελέτη,4.94
882,μιλάμε,4.94
883,νοεμβρίου,4.94
884,πάρα,4.94
885,πολιτικήσ,4.94
886,πολυ,4.94
887,πόσα,4.94
888,συνθήκεσ,4.94
889,σχέδια,4.94
890,τράπεζα,4.94
891,τύποσ,4.94
892,χαρακτήρα,4.94
893,άρα,4.93
894,αίμα,4.93
895,αλλάξει,4.93
896,βάλω,4.93
897,βγει,4.93
898,βρω,4.93
899,γνώμη,4.93
900,δημήτρησ,4.93
901,διαφορετικά,4.93
902,εκπαίδευση,4.93
903,επιτροπήσ,4.93
904,ιστοσελίδα,4.93
905,κύριοσ,4.93
906,οικονομική,4.93
907,πήγα,4.93
908,παρέα,4.93
909,παραγωγήσ,4.93
910,πρώτεσ,4.93
911,ρούχα,4.93
912,σκηνή,4.93
913,συνέχισε,4.93
914,τελικό,4.93
915,τζον,4.93
916,άντε,4.92
917,έπεσε,4.92
918,αλλαγέσ,4.92
919,ανθρώπων,4.92
920,βάροσ,4.92
921,δήλωσε,4.92
922,διαθέτει,4.92
923,επικεφαλήσ,4.92
924,ευθύνη,4.92
925,ευρώπησ,4.92
926,ζει,4.92
927,θυμάμαι,4.92
928,κανέναν,4.92
929,λειτουργεί,4.92
930,παρακάτω,4.92
931,πηγή,4.92
932,πλάκα,4.92
933,πολίτεσ,4.92
934,προσωπικό,4.92
935,στάση,4.92
936,συζήτηση,4.92
937,υπήρξε,4.92
938,φίλη,4.92
939,φεστιβάλ,4.92
940,άλλον,4.91
941,ένωσησ,4.91
942,έφυγε,4.91
943,ήθελε,4.91
944,αεκ,4.91
945,αττικήσ,4.91
946,βαθμό,4.91
947,βοηθήσει,4.91
948,δημόσιο,4.91
949,κοπέλα,4.91
950,κυρία,4.91
951,μεγάλοσ,4.91
952,ολα,4.91
953,σημαντικά,4.91
954,τάξη,4.91
955,τέλεια,4.91
956,τραγούδια,4.91
957,φεβρουαρίου,4.91
958,φωνή,4.91
959,άσε,4.90
960,έστειλε,4.90
961,έχοντασ,4.90
962,αρχικά,4.90
963,ασφαλείασ,4.90
964,βλέπει,4.90
965,γίνουν,4.90
966,γιατι,4.90
967,δημοτικό,4.90
968,διεθνή,4.90
969,ενέργεια,4.90
970,εντελώσ,4.90
971,εξωτερικό,4.90
972,θεωρείται,4.90
973,καληνύχτα,4.90
974,κατασκευή,4.90
975,κορίτσι,4.90
976,μπει,4.90
977,περισσότεροι,4.90
978,προφανώσ,4.90
979,συλλόγου,4.90
980,σχολεία,4.90
981,φύγει,4.90
982,έχασε,4.89
983,αναφέρεται,4.89
984,αξία,4.89
985,απόδοση,4.89
986,βάλει,4.89
987,γαλλία,4.89
988,δεξιά,4.89
989,ελπίδα,4.89
990,θεραπεία,4.89
991,ιστορίασ,4.89
992,μείωση,4.89
993,οποίων,4.89
994,πάρεισ,4.89
995,παιχνίδια,4.89
996,ποιον,4.89
997,ποσοστό,4.89
998,στόμα,4.89
999,συμβουλίου,4.89
1000,συστήματοσ,4.89
1001,σχολή,4.89
1002,χλμ,4.89
1003,έτουσ,4.88
1004,απόσταση,4.88
1005,δικαιώματα,4.88
1006,εφαρμογή,4.88
1007,κατηγορίεσ,4.88
1008,κρήτησ,4.88
1009,κύπρου,4.88
1010,λ,4.88
1011,μαύρο,4.88
1012,νδ,4.88
1013,οπωσ,4.88
1014,οργάνωση,4.88
1015,περιπτώσεισ,4.88
1016,προστασία,4.88
1017,σελίδα,4.88
1018,στόχο,4.88
1019,συνολικά,4.88
1020,σωστό,4.88
1021,υπέροχο,4.88
1022,υπήρχαν,4.88
1023,όποιοσ,4.88
1024,αγαπώ,4.87
1025,αμερική,4.87
1026,ανακοίνωσε,4.87
1027,ανακοίνωση,4.87
1028,αργά,4.87
1029,αρχίζει,4.87
1030,βόρεια,4.87
1031,δυνατότητα,4.87
1032,εκείνο,4.87
1033,εκείνοσ,4.87
1034,επιχειρήσεισ,4.87
1035,ζώα,4.87
1036,θερμοκρασία,4.87
1037,ιταλία,4.87
1038,κέρδισε,4.87
1039,κρεβάτι,4.87
1040,κόκκινο,4.87
1041,λόγουσ,4.87
1042,μάθημα,4.87
1043,μέσο,4.87
1044,μικρόσ,4.87
1045,μοντέλο,4.87
1046,μουσείο,4.87
1047,ολόκληρη,4.87
1048,πάτε,4.87
1049,παράδοση,4.87
1050,περιμένω,4.87
1051,πλατεία,4.87
1052,πρωινό,4.87
1053,πρόεδρο,4.87
1054,σκέψη,4.87
1055,σπίτια,4.87
1056,στοιχείο,4.87
1057,σωστή,4.87
1058,τομέα,4.87
1059,φτάνει,4.87
1060,χρυσό,4.87
1061,έκανεσ,4.86
1062,έφερε,4.86
1063,ανάπτυξησ,4.86
1064,βρεισ,4.86
1065,δίκιο,4.86
1066,διακοπέσ,4.86
1067,δωμάτιο,4.86
1068,εξουσία,4.86
1069,καθηγητήσ,4.86
1070,κανόνεσ,4.86
1071,κατ,4.86
1072,κώστασ,4.86
1073,λέξεισ,4.86
1074,μακεδονίασ,4.86
1075,μπάνιο,4.86
1076,μπορούσαν,4.86
1077,ξενοδοχείο,4.86
1078,πάρουν,4.86
1079,πέμπτη,4.86
1080,παραλία,4.86
1081,πολέμου,4.86
1082,πράξη,4.86
1083,συνέντευξη,4.86
1084,τραπέζι,4.86
1085,φίλοσ,4.86
1086,χάσει,4.86
1087,άγιο,4.85
1088,έβαλε,4.85
1089,έδαφοσ,4.85
1090,έργου,4.85
1091,έστω,4.85
1092,βασιλιά,4.85
1093,βασιλιάσ,4.85
1094,βρήκε,4.85
1095,γενική,4.85
1096,γησ,4.85
1097,διάθεση,4.85
1098,διότι,4.85
1099,ευρωπαϊκή,4.85
1100,ευρωπαϊκό,4.85
1101,κάπωσ,4.85
1102,καθένασ,4.85
1103,κινητό,4.85
1104,κομμάτια,4.85
1105,κτίριο,4.85
1106,μέτρων,4.85
1107,μνήμη,4.85
1108,μπλε,4.85
1109,πολιτικό,4.85
1110,πρόσωπα,4.85
1111,ραντεβού,4.85
1112,στιγμέσ,4.85
1113,σώματοσ,4.85
1114,τέλειο,4.85
1115,υποστήριξη,4.85
1116,φτάσει,4.85
1117,χρώματα,4.85
1118,όρια,4.85
1119,ύψοσ,4.85
1120,έγραψε,4.84
1121,έπειτα,4.84
1122,ανάλογα,4.84
1123,απ'το,4.84
1124,δικαστήριο,4.84
1125,διοίκηση,4.84
1126,δολάρια,4.84
1127,εταιρία,4.84
1128,θεό,4.84
1129,κατάφερε,4.84
1130,καταλάβει,4.84
1131,κρήτη,4.84
1132,μάνα,4.84
1133,μάτι,4.84
1134,παοκ,4.84
1135,παραμένει,4.84
1136,πασοκ,4.84
1137,πεδίο,4.84
1138,ποιοι,4.84
1139,προέδρου,4.84
1140,σεζόν,4.84
1141,ταινίεσ,4.84
1142,τύχη,4.84
1143,υλικό,4.84
1144,έφτασε,4.83
1145,αρκεί,4.83
1146,αρχίσει,4.83
1147,βλέπουμε,4.83
1148,γεγονότα,4.83
1149,διεύθυνση,4.83
1150,εβδομάδεσ,4.83
1151,εγω,4.83
1152,ενάντια,4.83
1153,θανάτου,4.83
1154,καλόσ,4.83
1155,κεντρική,4.83
1156,λείπει,4.83
1157,μέγεθοσ,4.83
1158,μαθήματα,4.83
1159,νησιά,4.83
1160,οικονομικών,4.83
1161,ονόματα,4.83
1162,περιέχει,4.83
1163,περιμένει,4.83
1164,πλαίσιο,4.83
1165,πλανήτη,4.83
1166,ποιόσ,4.83
1167,προσφορά,4.83
1168,πόλεμοσ,4.83
1169,συγγνώμη,4.83
1170,συλλογή,4.83
1171,ταχύτητα,4.83
1172,τελειώσει,4.83
1173,τιμέσ,4.83
1174,υπηρεσίεσ,4.83
1175,όνειρο,4.83
1176,ύπνο,4.83
1177,αίθουσα,4.82
1178,αρχαία,4.82
1179,βασικά,4.82
1180,γιάννη,4.82
1181,γυναικών,4.82
1182,δήμαρχοσ,4.82
1183,δίνουν,4.82
1184,διάφορεσ,4.82
1185,δύσκολη,4.82
1186,δώσω,4.82
1187,ελπίζω,4.82
1188,επτά,4.82
1189,εύκολο,4.82
1190,ισχύει,4.82
1191,λογική,4.82
1192,μοιάζει,4.82
1193,μπήκε,4.82
1194,πίεση,4.82
1195,παίκτεσ,4.82
1196,πειραιά,4.82
1197,περιφέρεια,4.82
1198,πολιτισμού,4.82
1199,πτώση,4.82
1200,σημεία,4.82
1201,σταματήσει,4.82
1202,τέχνη,4.82
1203,υπέροχη,4.82
1204,όρουσ,4.82
1205,άνοιξε,4.81
1206,ακολουθεί,4.81
1207,βαθιά,4.81
1208,βόλτα,4.81
1209,γεννήθηκε,4.81
1210,δεδομένων,4.81
1211,δεκεμβρίου,4.81
1212,διευθυντήσ,4.81
1213,είπαν,4.81
1214,ελευθερία,4.81
1215,ενημέρωση,4.81
1216,εργασία,4.81
1217,κίνδυνο,4.81
1218,καταστροφή,4.81
1219,λίγη,4.81
1220,λιμάνι,4.81
1221,μόνοι,4.81
1222,νερού,4.81
1223,νιώθω,4.81
1224,νόημα,4.81
1225,ξαφνικά,4.81
1226,οκ,4.81
1227,παγκόσμιο,4.81
1228,περιμένουμε,4.81
1229,πραγματοποιήθηκε,4.81
1230,πρεπει,4.81
1231,πρόσβαση,4.81
1232,πόνο,4.81
1233,συστήματα,4.81
1234,τετάρτη,4.81
1235,τωρα,4.81
1236,φυλακή,4.81
1237,χώροσ,4.81
1238,όμορφα,4.81
1239,άφησε,4.80
1240,έννοια,4.80
1241,αγώνασ,4.80
1242,αρκετέσ,4.80
1243,γήπεδο,4.80
1244,γνωστή,4.80
1245,δρόμουσ,4.80
1246,ειμαι,4.80
1247,ελένη,4.80
1248,ελληνικέσ,4.80
1249,επάνω,4.80
1250,εποχήσ,4.80
1251,κάναμε,4.80
1252,μένει,4.80
1253,μιλάσ,4.80
1254,μονάδα,4.80
1255,παρουσιάζει,4.80
1256,πλοίο,4.80
1257,πραγματικό,4.80
1258,προσωπική,4.80
1259,σα,4.80
1260,σταθμό,4.80
1261,συμβεί,4.80
1262,συμπεριφορά,4.80
1263,υόρκη,4.80
1264,φύση,4.80
1265,χρησιμοποιεί,4.80
1266,ψηλά,4.80
1267,ύστερα,4.80
1268,άγιοσ,4.79
1269,άμεσα,4.79
1270,έναρξη,4.79
1271,αλλού,4.79
1272,αρχηγόσ,4.79
1273,βρήκα,4.79
1274,δείχνουν,4.79
1275,εκκλησίασ,4.79
1276,εκπομπή,4.79
1277,επιστολή,4.79
1278,ζουν,4.79
1279,ημέρασ,4.79
1280,θάνατοσ,4.79
1281,ιανουαρίου,4.79
1282,καλέσ,4.79
1283,λεπτό,4.79
1284,μοναδική,4.79
1285,μοναδικό,4.79
1286,μπάλα,4.79
1287,νόμο,4.79
1288,νότια,4.79
1289,πέσει,4.79
1290,πήραν,4.79
1291,πράξεισ,4.79
1292,προσπαθεί,4.79
1293,τέχνησ,4.79
1294,τελική,4.79
1295,τουρκίασ,4.79
1296,τρίτο,4.79
1297,χρειάζονται,4.79
1298,άλλαξε,4.78
1299,απαντήσεισ,4.78
1300,απλό,4.78
1301,βγήκε,4.78
1302,βλέπετε,4.78
1303,γιαγιά,4.78
1304,δηλώσεισ,4.78
1305,διαγωνισμό,4.78
1306,εισαι,4.78
1307,ενέργειασ,4.78
1308,ενότητα,4.78
1309,εξαιρετικά,4.78
1310,επιφάνεια,4.78
1311,ερωτήσεισ,4.78
1312,εχουμε,4.78
1313,ζώνη,4.78
1314,ιστορίεσ,4.78
1315,καθαρά,4.78
1316,κοινή,4.78
1317,μαθητέσ,4.78
1318,ολυμπιακόσ,4.78
1319,πάτρα,4.78
1320,πίνακα,4.78
1321,περιβάλλον,4.78
1322,πηγέσ,4.78
1323,προσπάθησε,4.78
1324,ρεκόρ,4.78
1325,σούπερ,4.78
1326,στρατό,4.78
1327,στόχοσ,4.78
1328,υπόλοιπα,4.78
1329,χρονικό,4.78
1330,ψέματα,4.78
1331,έναντι,4.77
1332,έργων,4.77
1333,αγόρι,4.77
1334,αλ,4.77
1335,ανθρώπου,4.77
1336,βγαίνει,4.77
1337,βουλευτέσ,4.77
1338,γίνω,4.77
1339,δεδομένα,4.77
1340,δυνατόν,4.77
1341,ειδήσεισ,4.77
1342,επεισόδιο,4.77
1343,επιλογέσ,4.77
1344,εσωτερικό,4.77
1345,ηθοποιόσ,4.77
1346,θεωρία,4.77
1347,κατόπιν,4.77
1348,λογαριασμό,4.77
1349,μέρουσ,4.77
1350,μακεδονία,4.77
1351,μαλακίεσ,4.77
1352,μικρέσ,4.77
1353,νόμοσ,4.77
1354,πολιτικέσ,4.77
1355,ρ,4.77
1356,σχήμα,4.77
1357,τω,4.77
1358,φυσική,4.77
1359,όντωσ,4.77
1360,έμεινε,4.76
1361,αλλάζει,4.76
1362,ανάλυση,4.76
1363,αντικείμενα,4.76
1364,αντικείμενο,4.76
1365,βάλε,4.76
1366,βουλήσ,4.76
1367,βουλευτήσ,4.76
1368,δίκτυο,4.76
1369,ελέγχου,4.76
1370,εντολή,4.76
1371,ευτυχώσ,4.76
1372,καθεστώσ,4.76
1373,κείμενο,4.76
1374,κερδίσει,4.76
1375,κκε,4.76
1376,λαόσ,4.76
1377,μήκοσ,4.76
1378,ξεκινά,4.76
1379,οδηγεί,4.76
1380,οδό,4.76
1381,ολοι,4.76
1382,οποίουσ,4.76
1383,πίστη,4.76
1384,παρίσι,4.76
1385,πατρίδα,4.76
1386,πιθανόν,4.76
1387,πλήρη,4.76
1388,πόλεισ,4.76
1389,φέρνει,4.76
1390,φυσικό,4.76
1391,αποφάσισε,4.75
1392,ατόμων,4.75
1393,βρεθεί,4.75
1394,γραμμέσ,4.75
1395,δίκαιο,4.75
1396,δολοφονία,4.75
1397,δυνατό,4.75
1398,δύσκολα,4.75
1399,ειρήνη,4.75
1400,εμφανίζεται,4.75
1401,επίσημη,4.75
1402,ζευγάρι,4.75
1403,κάρτα,4.75
1404,καλύτεροσ,4.75
1405,κοίτα,4.75
1406,κορυφή,4.75
1407,κουζίνα,4.75
1408,κρασί,4.75
1409,κριτική,4.75
1410,λάθη,4.75
1411,ματσ,4.75
1412,μερικοί,4.75
1413,νωρίσ,4.75
1414,νωρίτερα,4.75
1415,οικονομικά,4.75
1416,ολυμπιακό,4.75
1417,οποιαδήποτε,4.75
1418,παιδιών,4.75
1419,παπούτσια,4.75
1420,παράσταση,4.75
1421,πλειοψηφία,4.75
1422,πουθενά,4.75
1423,προκαλεί,4.75
1424,προσωπικά,4.75
1425,συγχαρητήρια,4.75
1426,σύλλογοσ,4.75
1427,τέλη,4.75
1428,τέτοιεσ,4.75
1429,τμήματα,4.75
1430,φ,4.75
1431,χειρότερο,4.75
1432,ήττα,4.74
1433,αγαπάσ,4.74
1434,αεροδρόμιο,4.74
1435,απίστευτο,4.74
1436,δια,4.74
1437,διαμέρισμα,4.74
1438,ενασ,4.74
1439,ευχαριστούμε,4.74
1440,λευκό,4.74
1441,λονδίνο,4.74
1442,μεγάλησ,4.74
1443,μεταφορά,4.74
1444,μονάδεσ,4.74
1445,μονο,4.74
1446,μουσικήσ,4.74
1447,οικογένειασ,4.74
1448,ολόκληρο,4.74
1449,οποίου,4.74
1450,πήγαινε,4.74
1451,σκέψεισ,4.74
1452,σοφία,4.74
1453,τελείωσε,4.74
1454,τελευταίεσ,4.74
1455,τομ,4.74
1456,τριών,4.74
1457,χρήστη,4.74
1458,έδρα,4.73
1459,έλεγα,4.73
1460,ακούσ,4.73
1461,αντίστοιχα,4.73
1462,αρχική,4.73
1463,αφήνει,4.73
1464,γινόταν,4.73
1465,γλυκό,4.73
1466,δήλωση,4.73
1467,δίκη,4.73
1468,διεθνέσ,4.73
1469,διεθνούσ,4.73
1470,είδε,4.73
1471,εννοείσ,4.73
1472,εξωτερικών,4.73
1473,επιστρέψει,4.73
1474,κίνα,4.73
1475,κατάλαβα,4.73
1476,λαό,4.73
1477,μάθει,4.73
1478,μίλησε,4.73
1479,μελών,4.73
1480,νιώθεισ,4.73
1481,οδηγόσ,4.73
1482,οκτώ,4.73
1483,περαιτέρω,4.73
1484,περνάει,4.73
1485,πιθανότητα,4.73
1486,πολιτικά,4.73
1487,προφίλ,4.73
1488,στάδιο,4.73
1489,συγγραφέασ,4.73
1490,συνεχίζει,4.73
1491,συνεχώσ,4.73
1492,τοποθεσία,4.73
1493,υπάρξει,4.73
1494,χειμώνα,4.73
1495,χρησιμοποιείται,4.73
1496,χρυσή,4.73
1497,χρόνων,4.73
1498,απολύτωσ,4.72
1499,βαθμούσ,4.72
1500,δημήτρη,4.72
1501,διαφορετικέσ,4.72
1502,διαφορετικό,4.72
1503,εκδήλωση,4.72
1504,εμπειρία,4.72
1505,επίσημα,4.72
1506,επίσκεψη,4.72
1507,επεισόδια,4.72
1508,ιστορικό,4.72
1509,κάτσε,4.72
1510,καλησπέρα,4.72
1511,κλίμα,4.72
1512,κοινωνική,4.72
1513,κόμματοσ,4.72
1514,κώλο,4.72
1515,μπαρ,4.72
1516,παιδείασ,4.72
1517,περιμένεισ,4.72
1518,πλάτη,4.72
1519,πνεύμα,4.72
1520,συγκέντρωση,4.72
1521,σύνορα,4.72
1522,τεράστια,4.72
1523,τζέιμσ,4.72
1524,φοβάμαι,4.72
1525,άκρη,4.71
1526,αίματοσ,4.71
1527,αγία,4.71
1528,αγαπημένο,4.71
1529,αντίθετα,4.71
1530,απόλυτα,4.71
1531,δρόμοσ,4.71
1532,δυνάμεων,4.71
1533,είπεσ,4.71
1534,εκδηλώσεισ,4.71
1535,ελεύθερη,4.71
1536,ελληνικών,4.71
1537,κατι,4.71
1538,κιόλασ,4.71
1539,κρίμα,4.71
1540,νέοι,4.71
1541,νεκρόσ,4.71
1542,πειράζει,4.71
1543,πολλών,4.71
1544,πράγματι,4.71
1545,πρόσφατα,4.71
1546,στρατιώτεσ,4.71
1547,συγκεκριμένο,4.71
1548,συγνώμη,4.71
1549,τμήματοσ,4.71
1550,τοπική,4.71
1551,τράπεζεσ,4.71
1552,χρησιμοποιούν,4.71
1553,όροσ,4.71
1554,αποκλειστικά,4.70
1555,αρχείο,4.70
1556,αφήσει,4.70
1557,βασίλισσα,4.70
1558,βγάλει,4.70
1559,βραβείο,4.70
1560,γέφυρα,4.70
1561,γνωρίζει,4.70
1562,γραφεία,4.70
1563,δυνατά,4.70
1564,ιατρική,4.70
1565,ιδέεσ,4.70
1566,ισραήλ,4.70
1567,κάποιουσ,4.70
1568,κανάλι,4.70
1569,κοινότητα,4.70
1570,κώστα,4.70
1571,μεσημέρι,4.70
1572,μετα,4.70
1573,μιλάω,4.70
1574,νεκροί,4.70
1575,οικογένειά,4.70
1576,ομιλία,4.70
1577,ονομάζεται,4.70
1578,πάρουμε,4.70
1579,περιόδου,4.70
1580,πραγματική,4.70
1581,προ,4.70
1582,πρόσφυγεσ,4.70
1583,σειράσ,4.70
1584,σημαντικέσ,4.70
1585,συνέβη,4.70
1586,τόπο,4.70
1587,χρειαστεί,4.70
1588,χρονών,4.70
1589,χτεσ,4.70
1590,όπλα,4.70
1591,άνοιξη,4.69
1592,έρωτα,4.69
1593,αίσθηση,4.69
1594,αδελφή,4.69
1595,βδομάδα,4.69
1596,βλέπουν,4.69
1597,βρέθηκαν,4.69
1598,βρουν,4.69
1599,βρούμε,4.69
1600,βόμβα,4.69
1601,γάλα,4.69
1602,γλυκιά,4.69
1603,εισαγωγή,4.69
1604,εσυ,4.69
1605,εύχομαι,4.69
1606,ισπανία,4.69
1607,ιστορική,4.69
1608,κίνημα,4.69
1609,καλύτερεσ,4.69
1610,καριέρα,4.69
1611,καταλαβαίνεισ,4.69
1612,καταλαβαίνω,4.69
1613,κιλά,4.69
1614,λαού,4.69
1615,λεπτομέρειεσ,4.69
1616,μαγαζί,4.69
1617,μισή,4.69
1618,μμε,4.69
1619,παρ,4.69
1620,περιμένουν,4.69
1621,ποδόσφαιρο,4.69
1622,προγράμματα,4.69
1623,σχόλια,4.69
1624,τεστ,4.69
1625,υπέροχα,4.69
1626,υπόλοιπο,4.69
1627,φοβάσαι,4.69
1628,χιλιόμετρα,4.69
1629,άλλου,4.68
1630,έκπληξη,4.68
1631,αγγλικά,4.68
1632,ανέφερε,4.68
1633,αντίδραση,4.68
1634,αυτοκίνητα,4.68
1635,βγάζει,4.68
1636,γεύση,4.68
1637,δημοσιογράφοσ,4.68
1638,είσοδο,4.68
1639,ειδική,4.68
1640,εκδόσεισ,4.68
1641,εκπαίδευσησ,4.68
1642,επίπεδα,4.68
1643,εργαστήριο,4.68
1644,ηλικίασ,4.68
1645,ημερομηνία,4.68
1646,κανονικά,4.68
1647,κεντρικό,4.68
1648,κωνσταντίνοσ,4.68
1649,λάβει,4.68
1650,μετάφραση,4.68
1651,μυστικό,4.68
1652,νομίζεισ,4.68
1653,ουσιαστικά,4.68
1654,πάρκο,4.68
1655,παίρνουν,4.68
1656,παλιό,4.68
1657,πιστεύουν,4.68
1658,πλήρωσ,4.68
1659,πολιτικών,4.68
1660,πόσεσ,4.68
1661,σκότωσε,4.68
1662,συγκεκριμένη,4.68
1663,συνέδριο,4.68
1664,συρία,4.68
1665,σχολήσ,4.68
1666,σύζυγοσ,4.68
1667,τίποτε,4.68
1668,υπεύθυνοσ,4.68
1669,υπολογιστή,4.68
1670,φίλο,4.68
1671,χωρών,4.68
1672,όσον,4.68
1673,ύπαρξη,4.68
1674,έλλειψη,4.67
1675,έτη,4.67
1676,ήλιο,4.67
1677,αμάξι,4.67
1678,αναλάβει,4.67
1679,αρχεία,4.67
1680,αφεντικό,4.67
1681,βία,4.67
1682,βασίλησ,4.67
1683,γιατρόσ,4.67
1684,γράμματα,4.67
1685,γυναίκασ,4.67
1686,δίνεισ,4.67
1687,δεκαετία,4.67
1688,διαδρομή,4.67
1689,δικαιοσύνη,4.67
1690,δρ,4.67
1691,δραστηριότητα,4.67
1692,δυτικήσ,4.67
1693,είπαμε,4.67
1694,επανάσταση,4.67
1695,εργασίεσ,4.67
1696,θεία,4.67
1697,θύματα,4.67
1698,κέντρου,4.67
1699,κλείσει,4.67
1700,κρατάει,4.67
1701,ολυμπιακού,4.67
1702,παίρνεισ,4.67
1703,παίρνω,4.67
1704,πιθανό,4.67
1705,ποτό,4.67
1706,προσφέρει,4.67
1707,τάξησ,4.67
1708,τεχνική,4.67
1709,τεχνολογία,4.67
1710,χρησιμοποιώντασ,4.67
1711,όρο,4.67
1712,άμεση,4.66
1713,ήσουν,4.66
1714,αδελφόσ,4.66
1715,ακούσει,4.66
1716,αποτελείται,4.66
1717,αφορμή,4.66
1718,βασικό,4.66
1719,γάμοσ,4.66
1720,δουν,4.66
1721,δυνατή,4.66
1722,εξετάσεισ,4.66
1723,κατεύθυνση,4.66
1724,κόστοσ,4.66
1725,κώδικα,4.66
1726,λειτουργίασ,4.66
1727,μαύρη,4.66
1728,μεγάλου,4.66
1729,μηνύματα,4.66
1730,νέουσ,4.66
1731,νοιάζει,4.66
1732,νόμου,4.66
1733,ομάδων,4.66
1734,πιστεύει,4.66
1735,προγράμματοσ,4.66
1736,προηγούμενη,4.66
1737,προσπάθειεσ,4.66
1738,σήμα,4.66
1739,τηλ,4.66
1740,υ,4.66
1741,χαρτί,4.66
1742,χρέοσ,4.66
1743,άρχισαν,4.65
1744,έβαλα,4.65
1745,έρευνεσ,4.65
1746,αγ,4.65
1747,αγωνιστική,4.65
1748,αγώνων,4.65
1749,ανήκουν,4.65
1750,απλή,4.65
1751,βάθοσ,4.65
1752,γιορτή,4.65
1753,γύρο,4.65
1754,διεθνείσ,4.65
1755,δραστηριότητεσ,4.65
1756,εθνικού,4.65
1757,εταιρείεσ,4.65
1758,ικανότητα,4.65
1759,καθημερινή,4.65
1760,κόμματα,4.65
1761,λουλούδια,4.65
1762,μάθεισ,4.65
1763,ξεκινήσει,4.65
1764,οικογένειεσ,4.65
1765,παίζουν,4.65
1766,παίξει,4.65
1767,πακέτο,4.65
1768,παράθυρο,4.65
1769,πεθάνει,4.65
1770,προτάσεισ,4.65
1771,πρώτησ,4.65
1772,πόδι,4.65
1773,σύμβουλοσ,4.65
1774,σύνταγμα,4.65
1775,τούρκοι,4.65
1776,υπ,4.65
1777,φαινόμενο,4.65
1778,όργανα,4.65
1779,ίδρυμα,4.64
1780,ακρίβεια,4.64
1781,αντιδράσεισ,4.64
1782,απώλεια,4.64
1783,γιου,4.64
1784,γνωστόσ,4.64
1785,γράψει,4.64
1786,διαφορετική,4.64
1787,διεθνήσ,4.64
1788,ελεύθερο,4.64
1789,εξαρτάται,4.64
1790,επέστρεψε,4.64
1791,επιστρέφει,4.64
1792,ευρωπαϊκήσ,4.64
1793,εχουν,4.64
1794,ζήσει,4.64
1795,ζούμε,4.64
1796,ηγεσία,4.64
1797,καρκίνο,4.64
1798,μέτρο,4.64
1799,μπαίνει,4.64
1800,μπαμπά,4.64
1801,ομορφιά,4.64
1802,πελάτεσ,4.64
1803,περιοδικό,4.64
1804,περιφέρειασ,4.64
1805,πλήθοσ,4.64
1806,πράσινο,4.64
1807,σοβαρό,4.64
1808,στυλ,4.64
1809,τυχερόσ,4.64
1810,τόση,4.64
1811,όνειρα,4.64
1812,άρη,4.63
1813,έκρηξη,4.63
1814,έλαβε,4.63
1815,έρευνασ,4.63
1816,αιτία,4.63
1817,αναφέρονται,4.63
1818,απόδειξη,4.63
1819,απόψεισ,4.63
1820,αρέσουν,4.63
1821,αυτη,4.63
1822,βεβαίωσ,4.63
1823,βοήθησε,4.63
1824,γάμου,4.63
1825,γεμάτο,4.63
1826,γενιά,4.63
1827,διαβάστε,4.63
1828,είχεσ,4.63
1829,επιτρέπει,4.63
1830,επομένωσ,4.63
1831,ζήτημα,4.63
1832,ισωσ,4.63
1833,κάτοικοι,4.63
1834,κέντρα,4.63
1835,κακή,4.63
1836,κράτη,4.63
1837,λίμνη,4.63
1838,ματιά,4.63
1839,μητέρασ,4.63
1840,μηχανή,4.63
1841,νου,4.63
1842,οικονομίασ,4.63
1843,ομωσ,4.63
1844,ουσία,4.63
1845,παρόν,4.63
1846,πλαίσια,4.63
1847,προστασίασ,4.63
1848,σαββατοκύριακο,4.63
1849,σεβασμό,4.63
1850,σετ,4.63
1851,σπουδών,4.63
1852,συνελήφθη,4.63
1853,τσίπρασ,4.63
1854,φάει,4.63
1855,χρήστοσ,4.63
1856,χώρου,4.63
1857,έδωσαν,4.62
1858,έτοιμοσ,4.62
1859,αθλητέσ,4.62
1860,αι,4.62
1861,ανάγκεσ,4.62
1862,αντίθεση,4.62
1863,αστυνομίασ,4.62
1864,βάζει,4.62
1865,βιβλίου,4.62
1866,βραδιά,4.62
1867,διαδίκτυο,4.62
1868,διπλό,4.62
1869,δουλειέσ,4.62
1870,δράσησ,4.62
1871,είκοσι,4.62
1872,εκτέλεση,4.62
1873,επιθέσεισ,4.62
1874,επόμενεσ,4.62
1875,κάμερα,4.62
1876,κάνοντασ,4.62
1877,κατοίκουσ,4.62
1878,κοινού,4.62
1879,κοιτάσ,4.62
1880,κρύο,4.62
1881,κύκλο,4.62
1882,μπάσκετ,4.62
1883,ξύλο,4.62
1884,οποίασ,4.62
1885,πάρετε,4.62
1886,πέφτει,4.62
1887,παρουσίαση,4.62
1888,περιγραφή,4.62
1889,πιθανότατα,4.62
1890,πρωθυπουργού,4.62
1891,πρωθυπουργό,4.62
1892,σελ,4.62
1893,σκέφτεσαι,4.62
1894,σκοτώθηκε,4.62
1895,συνέπεια,4.62
1896,συναισθήματα,4.62
1897,τεράστιο,4.62
1898,τουρκική,4.62
1899,τρέχει,4.62
1900,υποστηρίζει,4.62
1901,φάρμακα,4.62
1902,φασ,4.62
1903,φεύγει,4.62
1904,φταίει,4.62
1905,χαρακτηριστικό,4.62
1906,χρήσησ,4.62
1907,έλεγαν,4.61
1908,αγίασ,4.61
1909,ακολούθησε,4.61
1910,ανθρώπινη,4.61
1911,απάντησε,4.61
1912,αφήστε,4.61
1913,γιά,4.61
1914,γωνία,4.61
1915,δημοψήφισμα,4.61
1916,δουλεύει,4.61
1917,δρόμου,4.61
1918,εγκαταστάσεισ,4.61
1919,ζωέσ,4.61
1920,καλα,4.61
1921,καταφέρει,4.61
1922,κόλπο,4.61
1923,κόντρα,4.61
1924,μάικλ,4.61
1925,μαλάκα,4.61
1926,μεγαλύτερεσ,4.61
1927,μπορούσα,4.61
1928,μυστικά,4.61
1929,νερά,4.61
1930,οδήγησε,4.61
1931,οδηγήσει,4.61
1932,οφείλεται,4.61
1933,πάρτε,4.61
1934,παπανδρέου,4.61
1935,περισσότερουσ,4.61
1936,πληροφοριών,4.61
1937,πολιτικόσ,4.61
1938,προέρχεται,4.61
1939,προϊόντων,4.61
1940,πρωταθλήματοσ,4.61
1941,πύλη,4.61
1942,σημαία,4.61
1943,συνδυασμό,4.61
1944,τσάντα,4.61
1945,τσίπρα,4.61
1946,τόποσ,4.61
1947,υπουργείου,4.61
1948,φεκ,4.61
1949,χρονιάσ,4.61
1950,χώρουσ,4.61
1951,ψάχνει,4.61
1952,όριο,4.61
1953,έγκλημα,4.60
1954,έδειξε,4.60
1955,έμαθα,4.60
1956,ένταση,4.60
1957,έτοιμη,4.60
1958,ανοίγει,4.60
1959,αντιμετώπιση,4.60
1960,ασθενείσ,4.60
1961,βιβλιοθήκη,4.60
1962,γεμάτη,4.60
1963,δέρμα,4.60
1964,δηλώνει,4.60
1965,είδαμε,4.60
1966,ελληνίδα,4.60
1967,εμπιστοσύνη,4.60
1968,εμφανίζονται,4.60
1969,ενδιαφέρει,4.60
1970,επιχειρήσεων,4.60
1971,ευρωπαϊκού,4.60
1972,εφόσον,4.60
1973,θεμα,4.60
1974,ιδιαίτερη,4.60
1975,κανεισ,4.60
1976,κεντρικήσ,4.60
1977,κοινωνικήσ,4.60
1978,κύρια,4.60
1979,μακάρι,4.60
1980,ματ,4.60
1981,μεγάλων,4.60
1982,μετάλλιο,4.60
1983,ναό,4.60
1984,νούμερο,4.60
1985,ολοκληρώθηκε,4.60
1986,ορισμένεσ,4.60
1987,ουρανό,4.60
1988,πέρασαν,4.60
1989,πήγαν,4.60
1990,παιδιού,4.60
1991,παρέμβαση,4.60
1992,περίμενε,4.60
1993,ποιά,4.60
1994,πολιτών,4.60
1995,πονάει,4.60
1996,πρεμιέρα,4.60
1997,προκάλεσε,4.60
1998,σκληρή,4.60
1999,σκοπόσ,4.60
2000,σπάνια,4.60
2001,τήσ,4.60
2002,ταυτότητα,4.60
2003,τελειώνει,4.60
2004,υλικά,4.60
2005,χειρότερα,4.60
2006,όποιον,4.60
2007,όποτε,4.60
2008,έρθουν,4.59
2009,ήξερα,4.59
2010,ήρθαν,4.59
2011,αγάπησ,4.59
2012,αγγλία,4.59
2013,αναφορέσ,4.59
2014,βάλεισ,4.59
2015,γερμανίασ,4.59
2016,γεωργίου,4.59
2017,δέν,4.59
2018,δείξει,4.59
2019,δικαιωμάτων,4.59
2020,δόντια,4.59
2021,δώσε,4.59
2022,εκει,4.59
2023,θαύμα,4.59
2024,κείμενα,4.59
2025,κει,4.59
2026,κουβέντα,4.59
2027,λεωφορείο,4.59
2028,μεγαλύτερα,4.59
2029,μελέτεσ,4.59
2030,μετανάστεσ,4.59
2031,μηνών,4.59
2032,μιλήσει,4.59
2033,ξεκίνησαν,4.59
2034,οδηγίεσ,4.59
2035,παιδική,4.59
2036,παναθηναϊκόσ,4.59
2037,παρέχει,4.59
2038,παρόλο,4.59
2039,περιουσία,4.59
2040,πληρώσει,4.59
2041,πολιτεία,4.59
2042,προσπαθούν,4.59
2043,σενάριο,4.59
2044,στρατόσ,4.59
2045,σφαίρα,4.59
2046,σύγχρονη,4.59
2047,σύνδεση,4.59
2048,ταιριάζει,4.59
2049,τρόπουσ,4.59
2050,χρησιμοποιούνται,4.59
2051,άμυνασ,4.58
2052,έκλεισε,4.58
2053,αγαπημένη,4.58
2054,ανοιχτό,4.58
2055,αξιολόγηση,4.58
2056,ατύχημα,4.58
2057,αχ,4.58
2058,βάζεισ,4.58
2059,βρισκόταν,4.58
2060,γεώργιοσ,4.58
2061,γιώργο,4.58
2062,γλώσσασ,4.58
2063,γράμμα,4.58
2064,δελτίο,4.58
2065,δημιουργήσει,4.58
2066,δικέσ,4.58
2067,δικόσ,4.58
2068,δώρα,4.58
2069,ειδικό,4.58
2070,εκείνα,4.58
2071,επέκταση,4.58
2072,επιστήμονεσ,4.58
2073,θυμάσαι,4.58
2074,θυμίζει,4.58
2075,ισχύ,4.58
2076,καί,4.58
2077,καλώσ,4.58
2078,κατηγορίασ,4.58
2079,κατοχή,4.58
2080,κύπροσ,4.58
2081,νά,4.58
2082,νο,4.58
2083,οτιδήποτε,4.58
2084,πάθοσ,4.58
2085,περίοδοσ,4.58
2086,ποιεσ,4.58
2087,ποτάμι,4.58
2088,προτού,4.58
2089,πρώτου,4.58
2090,ρεύμα,4.58
2091,ρολόι,4.58
2092,σημερινό,4.58
2093,στίχουσ,4.58
2094,στοιχείων,4.58
2095,συν,4.58
2096,τέρμα,4.58
2097,τίτλοσ,4.58
2098,τοίχο,4.58
2099,υποθέσεισ,4.58
2100,υπομονή,4.58
2101,υψηλή,4.58
2102,φόβο,4.58
2103,χα,4.58
2104,ύφοσ,4.58
2105,άννα,4.57
2106,έλληνα,4.57
2107,ήλιοσ,4.57
2108,αιγαίου,4.57
2109,απόλυτη,4.57
2110,αυτοκινήτου,4.57
2111,βρίσκω,4.57
2112,γενικό,4.57
2113,γνωρίζουμε,4.57
2114,δάσοσ,4.57
2115,δεκαετίεσ,4.57
2116,δημοτική,4.57
2117,διατροφή,4.57
2118,διαχείριση,4.57
2119,δικαιοσύνησ,4.57
2120,δόση,4.57
2121,εισιτήρια,4.57
2122,εκατοντάδεσ,4.57
2123,εντύπωση,4.57
2124,επιμέλεια,4.57
2125,επιστήμη,4.57
2126,ζεισ,4.57
2127,ζω,4.57
2128,θύμα,4.57
2129,καθαρή,4.57
2130,καθαρό,4.57
2131,καθηγητή,4.57
2132,καταλάβω,4.57
2133,κοινότητασ,4.57
2134,λα,4.57
2135,λογικό,4.57
2136,μεσα,4.57
2137,μιά,4.57
2138,ομίλου,4.57
2139,πάρτι,4.57
2140,πληθυσμού,4.57
2141,πλούσια,4.57
2142,πολ,4.57
2143,πουλί,4.57
2144,πρόσφατη,4.57
2145,ρωσίασ,4.57
2146,σημάδια,4.57
2147,σημείωσε,4.57
2148,σοβαρή,4.57
2149,συναυλία,4.57
2150,υπουργό,4.57
2151,φαίνονται,4.57
2152,φαντασία,4.57
2153,χάρτη,4.57
2154,χρήμα,4.57
2155,όπλο,4.57
2156,άνετα,4.56
2157,έντονα,4.56
2158,έντονη,4.56
2159,ήμασταν,4.56
2160,ακούγεται,4.56
2161,ανατολική,4.56
2162,ανδρέασ,4.56
2163,ανοίξει,4.56
2164,ανοιχτά,4.56
2165,αποφάσεισ,4.56
2166,αυτα,4.56
2167,βάσει,4.56
2168,βγω,4.56
2169,βρετανία,4.56
2170,γλυκά,4.56
2171,γνώση,4.56
2172,δίνω,4.56
2173,διευθυντή,4.56
2174,δικηγόροσ,4.56
2175,δυτική,4.56
2176,δόξα,4.56
2177,εμφανίστηκε,4.56
2178,επιστημονική,4.56
2179,ερτ,4.56
2180,εσωτερικών,4.56
2181,ζητήσει,4.56
2182,ημερών,4.56
2183,ηρακλείου,4.56
2184,θεωρεί,4.56
2185,κάποιου,4.56
2186,κατα,4.56
2187,κατασκευήσ,4.56
2188,κατοίκων,4.56
2189,κινήσεισ,4.56
2190,κουτί,4.56
2191,κυκλοφορία,4.56
2192,κυκλοφορίασ,4.56
2193,λαϊκή,4.56
2194,μάθετε,4.56
2195,μορφέσ,4.56
2196,μύτη,4.56
2197,νησιού,4.56
2198,πάθει,4.56
2199,παναγιώτησ,4.56
2200,πολλή,4.56
2201,ποσό,4.56
2202,πουν,4.56
2203,προσπαθώ,4.56
2204,προσώπου,4.56
2205,πρωτοβουλία,4.56
2206,πτήση,4.56
2207,σκορ,4.56
2208,σύμπαν,4.56
2209,σύνταξη,4.56
2210,υπηρεσιών,4.56
2211,υψηλήσ,4.56
2212,φράση,4.56
2213,χρησιμοποίησε,4.56
2214,χωριά,4.56
2215,ψωμί,4.56
2216,άκουσα,4.55
2217,άνδρασ,4.55
2218,άρθρα,4.55
2219,αγοράσ,4.55
2220,αιγαίο,4.55
2221,ακολουθούν,4.55
2222,ακούει,4.55
2223,αντώνησ,4.55
2224,απειλή,4.55
2225,απευθείασ,4.55
2226,αττική,4.55
2227,αύγουστο,4.55
2228,βάλτε,4.55
2229,γερμανική,4.55
2230,γιατρό,4.55
2231,διοργάνωση,4.55
2232,δώσουν,4.55
2233,ειδικότερα,4.55
2234,εξελίξεισ,4.55
2235,επιθυμία,4.55
2236,επικοινωνία,4.55
2237,εφημερίδεσ,4.55
2238,ιερό,4.55
2239,ιωάννησ,4.55
2240,ιωαννίνων,4.55
2241,κάστρο,4.55
2242,κατάλληλη,4.55
2243,κενό,4.55
2244,λάρισασ,4.55
2245,λαιμό,4.55
2246,μένουν,4.55
2247,μίασ,4.55
2248,μαζι,4.55
2249,νίκου,4.55
2250,ντέιβιντ,4.55
2251,ξεκινάει,4.55
2252,ξερω,4.55
2253,οδού,4.55
2254,οποιοδήποτε,4.55
2255,παιδεία,4.55
2256,πιάσει,4.55
2257,πολιτικοί,4.55
2258,ποτε,4.55
2259,προηγούμενο,4.55
2260,προσφύγων,4.55
2261,πρώτοι,4.55
2262,σκληρό,4.55
2263,σταμάτησε,4.55
2264,στοίχημα,4.55
2265,στρατού,4.55
2266,συμμετέχει,4.55
2267,σύνθεση,4.55
2268,τελείωσ,4.55
2269,τραμπ,4.55
2270,ψάχνω,4.55
2271,έγγραφα,4.54
2272,έμαθε,4.54
2273,έτοιμοι,4.54
2274,ίδιοι,4.54
2275,αίτημα,4.54
2276,αγορέσ,4.54
2277,αδελφό,4.54
2278,αναγνώριση,4.54
2279,ανδρών,4.54
2280,ανθρώπινο,4.54
2281,ανοιχτή,4.54
2282,αξίασ,4.54
2283,αυγά,4.54
2284,βασίζεται,4.54
2285,βουνό,4.54
2286,βρήκαν,4.54
2287,γυναικεία,4.54
2288,δείγμα,4.54
2289,δημιούργησε,4.54
2290,δημοτικού,4.54
2291,διάβασα,4.54
2292,διαγωνισμόσ,4.54
2293,δικιά,4.54
2294,δομή,4.54
2295,επιτρέπεται,4.54
2296,εστιατόριο,4.54
2297,ζώων,4.54
2298,ηράκλειο,4.54
2299,θέα,4.54
2300,θεωρώ,4.54
2301,ιαπωνία,4.54
2302,ιδιότητεσ,4.54
2303,καινούργια,4.54
2304,καὶ,4.54
2305,κλειστό,4.54
2306,κυκλοφορεί,4.54
2307,μοντέλα,4.54
2308,μόνον,4.54
2309,νεκρούσ,4.54
2310,νόμιζα,4.54
2311,οηε,4.54
2312,ονομασία,4.54
2313,οργάνωσησ,4.54
2314,οργανισμού,4.54
2315,οργανισμόσ,4.54
2316,παγκοσμίωσ,4.54
2317,παρουσίασε,4.54
2318,πιστεύεισ,4.54
2319,πλοία,4.54
2320,ποιότητα,4.54
2321,προσέγγιση,4.54
2322,ρυθμό,4.54
2323,σκουπίδια,4.54
2324,σπιτιού,4.54
2325,στείλει,4.54
2326,συμβαίνουν,4.54
2327,συμβουλέσ,4.54
2328,συμβόλαιο,4.54
2329,συνέλευση,4.54
2330,συνεργασίασ,4.54
2331,συνταγή,4.54
2332,συσκευή,4.54
2333,τάση,4.54
2334,τό,4.54
2335,φάμε,4.54
2336,φαντάζομαι,4.54
2337,φοιτητέσ,4.54
2338,φυσικήσ,4.54
2339,φόρεμα,4.54
2340,φύλλα,4.54
2341,χει,4.54
2342,άσχημα,4.53
2343,έξοδο,4.53
2344,αριστερό,4.53
2345,αστείο,4.53
2346,ασφάλειασ,4.53
2347,βήματα,4.53
2348,βλέμμα,4.53
2349,βοηθάει,4.53
2350,βρίσκει,4.53
2351,γίνεισ,4.53
2352,γενικόσ,4.53
2353,γερμανοί,4.53
2354,γι'αυτό,4.53
2355,δεη,4.53
2356,δεκάδεσ,4.53
2357,διαβάσει,4.53
2358,διοίκησησ,4.53
2359,δώσουμε,4.53
2360,δώστε,4.53
2361,εκπρόσωποσ,4.53
2362,ελ,4.53
2363,ελληνικόσ,4.53
2364,εξουσίασ,4.53
2365,εσωτερική,4.53
2366,καθημερινά,4.53
2367,κοινωνικό,4.53
2368,μπορει,4.53
2369,μόσχα,4.53
2370,ναρκωτικά,4.53
2371,νεα,4.53
2372,ορισμένα,4.53
2373,παναθηναϊκό,4.53
2374,ποτήρι,4.53
2375,προτείνει,4.53
2376,σίγουροσ,4.53
2377,συμμετέχουν,4.53
2378,τελετή,4.53
2379,τρώει,4.53
2380,φέρουν,4.53
2381,φθινόπωρο,4.53
2382,χρέουσ,4.53
2383,χωριού,4.53
2384,ψάχνεισ,4.53
2385,έδρασ,4.52
2386,έπιασε,4.52
2387,ήθελαν,4.52
2388,ανδρέα,4.52
2389,απόλυτο,4.52
2390,βασίλη,4.52
2391,βασική,4.52
2392,βερολίνο,4.52
2393,γειτονιά,4.52
2394,γιώργου,4.52
2395,γραμματέασ,4.52
2396,γυαλιά,4.52
2397,γυρίσει,4.52
2398,δημιουργεί,4.52
2399,διαπραγματεύσεισ,4.52
2400,δικαίου,4.52
2401,εμφανίσεισ,4.52
2402,ενίσχυση,4.52
2403,επαγγελματική,4.52
2404,επόμενα,4.52
2405,θεωρούν,4.52
2406,θυμάστε,4.52
2407,ιερά,4.52
2408,κίνδυνοσ,4.52
2409,καθ,4.52
2410,καλεί,4.52
2411,καταλάβεισ,4.52
2412,κε,4.52
2413,κερδίζει,4.52
2414,κοινωνίασ,4.52
2415,κρέασ,4.52
2416,κτλ,4.52
2417,μεγαλύτεροσ,4.52
2418,μπύρα,4.52
2419,παίζεισ,4.52
2420,πειραιώσ,4.52
2421,περάσουν,4.52
2422,πηγαίνει,4.52
2423,ποινή,4.52
2424,προκαλέσει,4.52
2425,ροζ,4.52
2426,ρόλοσ,4.52
2427,ρώμη,4.52
2428,σεπτέμβριο,4.52
2429,σκοτώνει,4.52
2430,σκύλο,4.52
2431,στήθοσ,4.52
2432,συμφωνώ,4.52
2433,συνεχίζεται,4.52
2434,συνεχίσει,4.52
2435,σχεδίου,4.52
2436,σύγκρουση,4.52
2437,σύζυγόσ,4.52
2438,τόσεσ,4.52
2439,τύποι,4.52
2440,τύπουσ,4.52
2441,ύψουσ,4.52
2442,αδερφή,4.51
2443,αλκοόλ,4.51
2444,αντίο,4.51
2445,αντίσταση,4.51
2446,απαιτεί,4.51
2447,αποκτήσει,4.51
2448,αρ,4.51
2449,αστυνομικοί,4.51
2450,αφορούν,4.51
2451,βασίλειο,4.51
2452,βγάλω,4.51
2453,βγούμε,4.51
2454,γαμώ,4.51
2455,γνωρίζετε,4.51
2456,γράψω,4.51
2457,δήμουσ,4.51
2458,δεδομένου,4.51
2459,δευτερόλεπτα,4.51
2460,είδεσ,4.51
2461,ειδών,4.51
2462,εκείνοι,4.51
2463,εξάλλου,4.51
2464,εργοστάσιο,4.51
2465,ευτυχία,4.51
2466,ζ,4.51
2467,ζεστό,4.51
2468,ιδιαίτερο,4.51
2469,ιησού,4.51
2470,ισχυρή,4.51
2471,κέρκυρα,4.51
2472,καινούργιο,4.51
2473,καταστάσεισ,4.51
2474,κοριτσάκι,4.51
2475,κυπέλλου,4.51
2476,κόλαση,4.51
2477,κύπελλο,4.51
2478,κύριοι,4.51
2479,λέγοντασ,4.51
2480,μαλάκασ,4.51
2481,μετρό,4.51
2482,μοίρα,4.51
2483,νίκο,4.51
2484,οικονομικήσ,4.51
2485,πάρτυ,4.51
2486,πάσχα,4.51
2487,πίνακασ,4.51
2488,ποικιλία,4.51
2489,πριγκίπισσα,4.51
2490,προπονητήσ,4.51
2491,πόσοι,4.51
2492,σίγουρο,4.51
2493,σκάφοσ,4.51
2494,σκέψου,4.51
2495,σκατά,4.51
2496,συνδέεται,4.51
2497,σύζυγό,4.51
2498,τζιν,4.51
2499,υπουργού,4.51
2500,υπόλοιποι,4.51
2501,φάω,4.51
2502,φήμη,4.51
2503,φτιάξει,4.51
2504,χριστόσ,4.51
2505,άνοιγμα,4.50
2506,έβγαλε,4.50
2507,ήξερε,4.50
2508,αγκαλιά,4.50
2509,αλλάζουν,4.50
2510,αλληλεγγύησ,4.50
2511,αναμνήσεισ,4.50
2512,ανατολή,4.50
2513,αντίθετο,4.50
2514,αυλή,4.50
2515,βάζω,4.50
2516,βρε,4.50
2517,γάτα,4.50
2518,διαφορέσ,4.50
2519,δυτικά,4.50
2520,εκατό,4.50
2521,εκτίμηση,4.50
2522,ελάτε,4.50
2523,ελεύθεροσ,4.50
2524,ερντογάν,4.50
2525,ζητά,4.50
2526,θετική,4.50
2527,καλύπτει,4.50
2528,κανει,4.50
2529,καρδιάσ,4.50
2530,καταστήματα,4.50
2531,κατερίνα,4.50
2532,κράτησε,4.50
2533,κρατήσει,4.50
2534,λειτουργούν,4.50
2535,λύκειο,4.50
2536,μέτωπο,4.50
2537,μεν,4.50
2538,ναρκωτικών,4.50
2539,νομίζει,4.50
2540,ντι,4.50
2541,οθόνη,4.50
2542,οσο,4.50
2543,παναγία,4.50
2544,παράγοντεσ,4.50
2545,παύλου,4.50
2546,περιβάλλοντοσ,4.50
2547,πιστεύετε,4.50
2548,πλευρέσ,4.50
2549,ποδοσφαίρου,4.50
2550,προώθηση,4.50
2551,πρότυπο,4.50
2552,πωλήσεισ,4.50
2553,πόση,4.50
2554,πώληση,4.50
2555,στείλω,4.50
2556,συμμετείχαν,4.50
2557,σύλλογο,4.50
2558,τάσεισ,4.50
2559,τάφο,4.50
2560,τελευταίοσ,4.50
2561,τοπικέσ,4.50
2562,τυχαία,4.50
2563,υπηρεσίασ,4.50
2564,υποψήφιοσ,4.50
2565,χρήστεσ,4.50
2566,χρησιμοποιηθεί,4.50
2567,χριστούγεννα,4.50
2568,ψέμα,4.50
2569,όσκαρ,4.50
2570,άλμπουμ,4.49
2571,άσκηση,4.49
2572,αγόρια,4.49
2573,ανάσα,4.49
2574,απαραίτητο,4.49
2575,αστυνομικό,4.49
2576,βοηθόσ,4.49
2577,γεύμα,4.49
2578,γιατροί,4.49
2579,γνωστά,4.49
2580,δέντρο,4.49
2581,διατηρεί,4.49
2582,εκλογών,4.49
2583,εργαζομένων,4.49
2584,ερώτημα,4.49
2585,εφαρμογέσ,4.49
2586,κάλεσε,4.49
2587,κάνατε,4.49
2588,καθένα,4.49
2589,κινείται,4.49
2590,κοιμηθώ,4.49
2591,μερικούσ,4.49
2592,μηχανέσ,4.49
2593,μιχάλησ,4.49
2594,μπα,4.49
2595,νομού,4.49
2596,ντροπή,4.49
2597,οικονομικό,4.49
2598,πήραμε,4.49
2599,παίκτησ,4.49
2600,παιχνιδιού,4.49
2601,πανεπιστήμια,4.49
2602,πεθαίνει,4.49
2603,πτυχίο,4.49
2604,πόνοσ,4.49
2605,ρόμπερτ,4.49
2606,στήριξη,4.49
2607,συμμετοχήσ,4.49
2608,συμπτώματα,4.49
2609,συναντήσεισ,4.49
2610,συνεπώσ,4.49
2611,σύγκριση,4.49
2612,σύζυγο,4.49
2613,ταινίασ,4.49
2614,ταξίδια,4.49
2615,τεχνικέσ,4.49
2616,τιμήσ,4.49
2617,τράπεζασ,4.49
2618,φωνέσ,4.49
2619,χάλια,4.49
2620,χανίων,4.49
2621,άγχοσ,4.48
2622,άρησ,4.48
2623,έσοδα,4.48
2624,αδυναμία,4.48
2625,αμερικήσ,4.48
2626,ανέλαβε,4.48
2627,απουσία,4.48
2628,ατμόσφαιρα,4.48
2629,βαριά,4.48
2630,βιομηχανία,4.48
2631,βρεσ,4.48
2632,βροχή,4.48
2633,γνωρίζω,4.48
2634,δέντρα,4.48
2635,δίσκο,4.48
2636,δντ,4.48
2637,δράμα,4.48
2638,εμφανιστεί,4.48
2639,ενημέρωσησ,4.48
2640,εννέα,4.48
2641,εξέταση,4.48
2642,ζωντανή,4.48
2643,ησυχία,4.48
2644,θελω,4.48
2645,καρέκλα,4.48
2646,κατάργηση,4.48
2647,κατάστημα,4.48
2648,κινήματοσ,4.48
2649,κλειδί,4.48
2650,κωνσταντίνου,4.48
2651,κύκλοσ,4.48
2652,λαμβάνει,4.48
2653,μάθουμε,4.48
2654,μάχησ,4.48
2655,μεταναστών,4.48
2656,μονή,4.48
2657,νομίζουν,4.48
2658,ορίζεται,4.48
2659,προέρχονται,4.48
2660,προκύπτει,4.48
2661,προϊόν,4.48
2662,σκυλιά,4.48
2663,σπουδέσ,4.48
2664,στέλνει,4.48
2665,σταθμόσ,4.48
2666,συ,4.48
2667,συγκρότημα,4.48
2668,τοπικήσ,4.48
2669,τροφή,4.48
2670,τροφίμων,4.48
2671,υπογραφή,4.48
2672,χάθηκε,4.48
2673,χάνει,4.48
2674,χρειαζόμαστε,4.48
2675,χρονια,4.48
2676,χτύπημα,4.48
2677,χτύπησε,4.48
2678,άγρια,4.47
2679,έγκυοσ,4.47
2680,ήχο,4.47
2681,αιώνεσ,4.47
2682,αλέξανδροσ,4.47
2683,αλέξησ,4.47
2684,ανατολικά,4.47
2685,ανατροπή,4.47
2686,αριστεράσ,4.47
2687,αρκετό,4.47
2688,βουνά,4.47
2689,γειά,4.47
2690,δίνεται,4.47
2691,δίνοντασ,4.47
2692,δίχωσ,4.47
2693,δηλ,4.47
2694,δόθηκε,4.47
2695,εκείνεσ,4.47
2696,εκείνουσ,4.47
2697,εξαίρεση,4.47
2698,εξοπλισμό,4.47
2699,εργαζόμενοι,4.47
2700,ζάχαρη,4.47
2701,ζωντανά,4.47
2702,ημερολόγιο,4.47
2703,θάλασσασ,4.47
2704,ιδίωσ,4.47
2705,ικανότητεσ,4.47
2706,ιράν,4.47
2707,κήπο,4.47
2708,κατάληψη,4.47
2709,καταφύγιο,4.47
2710,κόπο,4.47
2711,μέθοδοσ,4.47
2712,μεσόγειο,4.47
2713,μηδέν,4.47
2714,μπω,4.47
2715,ολοκλήρωση,4.47
2716,παραμείνει,4.47
2717,περιεχόμενο,4.47
2718,περισσότερη,4.47
2719,πετύχει,4.47
2720,πισίνα,4.47
2721,πληροφορία,4.47
2722,ποσότητα,4.47
2723,προβολή,4.47
2724,πρόσκληση,4.47
2725,πόντουσ,4.47
2726,ρύθμιση,4.47
2727,σαι,4.47
2728,σελίδεσ,4.47
2729,σκοτάδι,4.47
2730,σταύροσ,4.47
2731,στελέχη,4.47
2732,συγγενείσ,4.47
2733,συναίσθημα,4.47
2734,σχετική,4.47
2735,σύλληψη,4.47
2736,σύμβολο,4.47
2737,τζορτζ,4.47
2738,φτιάξω,4.47
2739,φώτα,4.47
2740,χριστού,4.47
2741,ψάρια,4.47
2742,ψάχνουν,4.47
2743,ψυγείο,4.47
2744,όρεξη,4.47
2745,όχημα,4.47
2746,άμυνα,4.46
2747,άρωμα,4.46
2748,έκταση,4.46
2749,έκφραση,4.46
2750,αγαπάει,4.46
2751,αγρότεσ,4.46
2752,ακομα,4.46
2753,αληθινή,4.46
2754,αφρική,4.46
2755,βίασ,4.46
2756,βυζιά,4.46
2757,γράφω,4.46
2758,δέχεται,4.46
2759,δημιουργήθηκε,4.46
2760,διάολο,4.46
2761,δύσκολεσ,4.46
2762,εμπόριο,4.46
2763,εννοώ,4.46
2764,εξωτερική,4.46
2765,επ,4.46
2766,ευθύνεσ,4.46
2767,θέλαμε,4.46
2768,θέσησ,4.46
2769,θρησκεία,4.46
2770,καρλ,4.46
2771,κηδεία,4.46
2772,κορυφαία,4.46
2773,κοτόπουλο,4.46
2774,μαθηματικά,4.46
2775,μεξικό,4.46
2776,μικρού,4.46
2777,μιλάνε,4.46
2778,μιλάτε,4.46
2779,μουσικό,4.46
2780,νεαρόσ,4.46
2781,νιώθει,4.46
2782,ντοκιμαντέρ,4.46
2783,ουρά,4.46
2784,παναγίασ,4.46
2785,παναθηναϊκού,4.46
2786,παραμονή,4.46
2787,πολιτικούσ,4.46
2788,πρωτεύουσα,4.46
2789,σταδιακά,4.46
2790,στρατηγική,4.46
2791,ταξί,4.46
2792,τεχνολογίασ,4.46
2793,τοπικό,4.46
2794,τούρκουσ,4.46
2795,τούτου,4.46
2796,φιλοσοφία,4.46
2797,φοράσ,4.46
2798,φυτά,4.46
2799,χάσεισ,4.46
2800,χορό,4.46
2801,χρησιμοποιήσει,4.46
2802,χτυπάει,4.46
2803,άνδρα,4.45
2804,αεροπλάνο,4.45
2805,αναζήτηση,4.45
2806,αναλαμβάνει,4.45
2807,απελευθέρωση,4.45
2808,αποστολήσ,4.45
2809,αρχηγό,4.45
2810,αστέρια,4.45
2811,ασχολείται,4.45
2812,αυτιά,4.45
2813,βάσεισ,4.45
2814,βρίσκεισ,4.45
2815,γενέθλια,4.45
2816,δήθεν,4.45
2817,δεύτεροσ,4.45
2818,ειδικέσ,4.45
2819,εμπορίου,4.45
2820,εμπορικό,4.45
2821,επικοινωνίασ,4.45
2822,επρεπε,4.45
2823,ιούνιο,4.45
2824,κανάλια,4.45
2825,κρίσησ,4.45
2826,κυβερνήτη,4.45
2827,κυρίου,4.45
2828,λήξη,4.45
2829,μέγαρο,4.45
2830,μαχαίρι,4.45
2831,μείνουν,4.45
2832,μπλοκ,4.45
2833,μπουν,4.45
2834,νομίζετε,4.45
2835,πάντων,4.45
2836,πέτρα,4.45
2837,πέτυχε,4.45
2838,πίνακεσ,4.45
2839,παμε,4.45
2840,πανελλήνιο,4.45
2841,πελάτη,4.45
2842,πλήρησ,4.45
2843,πλευρό,4.45
2844,πολιτικού,4.45
2845,πολιτισμό,4.45
2846,ποτά,4.45
2847,πρακτική,4.45
2848,προτιμώ,4.45
2849,ρωτήσω,4.45
2850,ρώτησε,4.45
2851,σταθερά,4.45
2852,σταυρό,4.45
2853,στρατιωτική,4.45
2854,συνέπειεσ,4.45
2855,τέταρτο,4.45
2856,τσάι,4.45
2857,υγρό,4.45
2858,υπόλοιπη,4.45
2859,φοβάται,4.45
2860,φοράει,4.45
2861,φωτόσ,4.45
2862,χαμόγελο,4.45
2863,ψυχήσ,4.45
2864,όποια,4.45
2865,άγνωστο,4.44
2866,άνοδο,4.44
2867,έκπτωση,4.44
2868,έλεγχοσ,4.44
2869,ένδειξη,4.44
2870,ακτή,4.44
2871,αντιμετωπίσει,4.44
2872,αντιπολίτευσησ,4.44
2873,αντιπρόεδροσ,4.44
2874,αρχίζουν,4.44
2875,ασθένεια,4.44
2876,βάλουμε,4.44
2877,βοηθήσουν,4.44
2878,γίνουμε,4.44
2879,γνωρίζουν,4.44
2880,δικτύου,4.44
2881,ελευθερίασ,4.44
2882,επίδραση,4.44
2883,επίσημο,4.44
2884,επισκέπτεσ,4.44
2885,εργαλεία,4.44
2886,ευκαιρίεσ,4.44
2887,ζητήματα,4.44
2888,ημουν,4.44
2889,ηπείρου,4.44
2890,ισχυρό,4.44
2891,κάνα,4.44
2892,κατάφεραν,4.44
2893,κεφάλαιο,4.44
2894,κρατών,4.44
2895,μάιο,4.44
2896,μάσκα,4.44
2897,μεταφέρει,4.44
2898,μεταφοράσ,4.44
2899,ξεχάσει,4.44
2900,πέρασμα,4.44
2901,παγκόσμιασ,4.44
2902,παντρευτεί,4.44
2903,παράγει,4.44
2904,παράταση,4.44
2905,παραλίεσ,4.44
2906,παραστάσεισ,4.44
2907,πατρών,4.44
2908,περίεργο,4.44
2909,περιέχουν,4.44
2910,περιλαμβάνονται,4.44
2911,πιθανότητεσ,4.44
2912,πιθανώσ,4.44
2913,πλήρεσ,4.44
2914,ποιό,4.44
2915,πολίτη,4.44
2916,προηγούμενα,4.44
2917,προσφορέσ,4.44
2918,σέξι,4.44
2919,σημασίασ,4.44
2920,σκύλοσ,4.44
2921,συμβολή,4.44
2922,ταμείο,4.44
2923,τιποτα,4.44
2924,τομείσ,4.44
2925,τοπικά,4.44
2926,τσέπη,4.44
2927,τόμασ,4.44
2928,υπαρχει,4.44
2929,υπόλοιπεσ,4.44
2930,φάρμακο,4.44
2931,φέρεται,4.44
2932,φτάνουν,4.44
2933,φόβοσ,4.44
2934,χαρούμενη,4.44
2935,ωρα,4.44
2936,έδινε,4.43
2937,έχασα,4.43
2938,αίτηση,4.43
2939,ακούσω,4.43
2940,αναφέρουν,4.43
2941,ανεξάρτητα,4.43
2942,αξιοθέατα,4.43
2943,απ'την,4.43
2944,αποκατάσταση,4.43
2945,απόπειρα,4.43
2946,αστέρι,4.43
2947,αφήνουν,4.43
2948,αφιέρωμα,4.43
2949,δεκαετίασ,4.43
2950,δημόσιασ,4.43
2951,δικούσ,4.43
2952,διοικητήσ,4.43
2953,δολοφόνοσ,4.43
2954,δύση,4.43
2955,ελεύθερα,4.43
2956,ελλαδα,4.43
2957,επιτυχίεσ,4.43
2958,ευχή,4.43
2959,εφημερίδασ,4.43
2960,εχετε,4.43
2961,ζημιά,4.43
2962,καλιφόρνια,4.43
2963,κατάλαβεσ,4.43
2964,κατέληξε,4.43
2965,κλαμπ,4.43
2966,κοζάνησ,4.43
2967,κούκλα,4.43
2968,κρέμα,4.43
2969,λάρισα,4.43
2970,λοσ,4.43
2971,μέθοδο,4.43
2972,μετράει,4.43
2973,μιλήσουμε,4.43
2974,μοναδικόσ,4.43
2975,μπορω,4.43
2976,οποιονδήποτε,4.43
2977,ου,4.43
2978,περίμενα,4.43
2979,περιμένετε,4.43
2980,πιάνει,4.43
2981,πιάτα,4.43
2982,πιό,4.43
2983,ποίηση,4.43
2984,προπόνηση,4.43
2985,πχ,4.43
2986,σκέφτεται,4.43
2987,σπύροσ,4.43
2988,σταθερή,4.43
2989,συγγραφέα,4.43
2990,συνεργάτεσ,4.43
2991,συνεργάτησ,4.43
2992,σόου,4.43
2993,σώσει,4.43
2994,τοσο,4.43
2995,τρόφιμα,4.43
2996,φήμεσ,4.43
2997,φόρο,4.43
2998,χάσαμε,4.43
2999,χαίρομαι,4.43
3000,χωρισ,4.43
3001,όργανο,4.43
3002,όσεσ,4.43
3003,άλλωστε,4.42
3004,άξονα,4.42
3005,αληθινό,4.42
3006,αντιπολίτευση,4.42
3007,απώλειεσ,4.42
3008,αυστραλία,4.42
3009,βάζουμε,4.42
3010,βαν,4.42
3011,βελτίωση,4.42
3012,βλ,4.42
3013,βρυξέλλεσ,4.42
3014,βόλου,4.42
3015,γίνεσαι,4.42
3016,γλώσσεσ,4.42
3017,γυμνάσιο,4.42
3018,γυμναστήριο,4.42
3019,δάσκαλοσ,4.42
3020,δημοσίου,4.42
3021,διαστάσεισ,4.42
3022,διοικητικό,4.42
3023,δώδεκα,4.42
3024,είδηση,4.42
3025,ειδήσεων,4.42
3026,εισιτήριο,4.42
3027,ενέργειεσ,4.42
3028,ενταξει,4.42
3029,εντολέσ,4.42
3030,εντυπωσιακό,4.42
3031,εξακολουθεί,4.42
3032,επιπέδου,4.42
3033,ερευνητέσ,4.42
3034,εταιρίασ,4.42
3035,ζέστη,4.42
3036,θεάτρου,4.42
3037,ιδρύματοσ,4.42
3038,καινούριο,4.42
3039,κτίρια,4.42
3040,κωδικό,4.42
3041,μάθουν,4.42
3042,μετάδοση,4.42
3043,μεταρρυθμίσεισ,4.42
3044,μνήμησ,4.42
3045,μυστήριο,4.42
3046,νικολάου,4.42
3047,νομική,4.42
3048,νόμουσ,4.42
3049,ξέχασα,4.42
3050,οργή,4.42
3051,παίζω,4.42
3052,παίρνουμε,4.42
3053,παν,4.42
3054,παντρεμένοσ,4.42
3055,παραμένουν,4.42
3056,παρόλα,4.42
3057,πατάτεσ,4.42
3058,παύλοσ,4.42
3059,περιλαμβάνουν,4.42
3060,πιστεύουμε,4.42
3061,πληρώνει,4.42
3062,πολιτισμόσ,4.42
3063,προκαλούν,4.42
3064,πυρκαγιά,4.42
3065,πόρτεσ,4.42
3066,ρίξει,4.42
3067,ρόδου,4.42
3068,στιγμήσ,4.42
3069,στρατηγόσ,4.42
3070,συμπέρασμα,4.42
3071,συνολική,4.42
3072,σχετίζονται,4.42
3073,τρέλα,4.42
3074,τριάντα,4.42
3075,υπεύθυνη,4.42
3076,φάνηκε,4.42
3077,φωτογραφίασ,4.42
3078,φύγουν,4.42
3079,χάνεισ,4.42
3080,χαθεί,4.42
3081,χειρότερη,4.42
3082,έρχομαι,4.41
3083,έτοιμο,4.41
3084,έφεραν,4.41
3085,ήρθα,4.41
3086,ίδιεσ,4.41
3087,ίχνη,4.41
3088,αδερφόσ,4.41
3089,αληθινά,4.41
3090,ανταλλαγή,4.41
3091,απαντά,4.41
3092,αστεία,4.41
3093,αυτοκινήτων,4.41
3094,βιβλίων,4.41
3095,βρήκαμε,4.41
3096,γενικού,4.41
3097,δεξί,4.41
3098,διακοπή,4.41
3099,δώσεισ,4.41
3100,είδαν,4.41
3101,είχατε,4.41
3102,εγκατάσταση,4.41
3103,εισαγγελέα,4.41
3104,ελάχιστα,4.41
3105,εμπρόσ,4.41
3106,εποχέσ,4.41
3107,ερμηνεία,4.41
3108,ευρωπαϊκέσ,4.41
3109,ζητάει,4.41
3110,ηγέτησ,4.41
3111,θάρροσ,4.41
3112,ιατρικήσ,4.41
3113,ινστιτούτο,4.41
3114,ιούλιο,4.41
3115,ιστορικά,4.41
3116,καθε,4.41
3117,καθηγητέσ,4.41
3118,καλλιτέχνεσ,4.41
3119,καταλαβαίνει,4.41
3120,κατευθείαν,4.41
3121,κλείνει,4.41
3122,κλινική,4.41
3123,κουμπί,4.41
3124,κρατήσεισ,4.41
3125,κρύβεται,4.41
3126,κύμα,4.41
3127,λίγουσ,4.41
3128,λυπάμαι,4.41
3129,λόγοι,4.41
3130,μάρτιο,4.41
3131,μεριά,4.41
3132,μικρότερη,4.41
3133,μνημόνιο,4.41
3134,νατο,4.41
3135,οδόσ,4.41
3136,οργανισμό,4.41
3137,πέτρεσ,4.41
3138,παππούσ,4.41
3139,περιγράφει,4.41
3140,πιάτο,4.41
3141,πολιτείεσ,4.41
3142,πουλιά,4.41
3143,πρακτικά,4.41
3144,πρότυπα,4.41
3145,ροή,4.41
3146,σιωπή,4.41
3147,σκληρά,4.41
3148,σοκ,4.41
3149,σοκολάτα,4.41
3150,σουηδία,4.41
3151,στομάχι,4.41
3152,συμμετείχε,4.41
3153,συντάγματοσ,4.41
3154,σχεδιασμό,4.41
3155,σχολείου,4.41
3156,τοτε,4.41
3157,τουρνουά,4.41
3158,υλικού,4.41
3159,υπήρξαν,4.41
3160,φιλικό,4.41
3161,φτερά,4.41
3162,χάπια,4.41
3163,χαμηλά,4.41
3164,άκρα,4.40
3165,άμα,4.40
3166,έπαιζε,4.40
3167,έπαιξε,4.40
3168,έφτιαξε,4.40
3169,ήρωασ,4.40
3170,ίδιου,4.40
3171,ακρόπολη,4.40
3172,αλλο,4.40
3173,ανάρτηση,4.40
3174,αναμένεται,4.40
3175,αποδείξεισ,4.40
3176,αποκαλύπτει,4.40
3177,αριστερή,4.40
3178,ασε,4.40
3179,ασφαλή,4.40
3180,γενικότερα,4.40
3181,γραφείου,4.40
3182,δάνεια,4.40
3183,διαθέσιμο,4.40
3184,διατήρηση,4.40
3185,διαφόρων,4.40
3186,ειρήνησ,4.40
3187,εκατομμυρίων,4.40
3188,εκδοχή,4.40
3189,ελέγχει,4.40
3190,ενοχλεί,4.40
3191,εξαιρετική,4.40
3192,εξηγεί,4.40
3193,επέμβαση,4.40
3194,ζημιέσ,4.40
3195,ζούσε,4.40
3196,θέσεων,4.40
3197,θράκησ,4.40
3198,ιδιοκτήτησ,4.40
3199,κάθεται,4.40
3200,κάλυψη,4.40
3201,καινούρια,4.40
3202,καλοί,4.40
3203,καταλάβουν,4.40
3204,κιμ,4.40
3205,κο,4.40
3206,κυβερνήτησ,4.40
3207,κυκλοφόρησε,4.40
3208,λι,4.40
3209,λιγο,4.40
3210,μεγάλοι,4.40
3211,νικόλαοσ,4.40
3212,ξεκινούν,4.40
3213,οκτώβριο,4.40
3214,οργανώσεισ,4.40
3215,πάντοτε,4.40
3216,πίστευε,4.40
3217,παπαδόπουλοσ,4.40
3218,παρόμοια,4.40
3219,πεθάνω,4.40
3220,περάσεισ,4.40
3221,περιοχών,4.40
3222,περνάσ,4.40
3223,ποιότητασ,4.40
3224,προπονητή,4.40
3225,προτείνω,4.40
3226,ρεπορτάζ,4.40
3227,σερ,4.40
3228,σκάφη,4.40
3229,συνδέονται,4.40
3230,συντάξεισ,4.40
3231,συσκευέσ,4.40
3232,σχέσεων,4.40
3233,σχόλιο,4.40
3234,τατουάζ,4.40
3235,τζακ,4.40
3236,τηλεοπτικέσ,4.40
3237,φίλεσ,4.40
3238,φιλί,4.40
3239,φτάσαμε,4.40
3240,φύγω,4.40
3241,φύσησ,4.40
3242,χαρακτήρεσ,4.40
3243,ωχ,4.40
3244,όπλων,4.40
3245,άραγε,4.39
3246,έφτιαξα,4.39
3247,έχασαν,4.39
3248,ήθελεσ,4.39
3249,αμερικανική,4.39
3250,αναρωτιέμαι,4.39
3251,απαγόρευση,4.39
3252,απαιτήσεισ,4.39
3253,απαραίτητα,4.39
3254,αριθμούσ,4.39
3255,αφήνεισ,4.39
3256,βγαίνουν,4.39
3257,βουλγαρία,4.39
3258,βραβεία,4.39
3259,βραζιλία,4.39
3260,δίνουμε,4.39
3261,διανομή,4.39
3262,δουλεύουν,4.39
3263,δύναμησ,4.39
3264,επεξεργασία,4.39
3265,επικίνδυνο,4.39
3266,επιστημών,4.39
3267,εργάζεται,4.39
3268,εσ,4.39
3269,ηθελα,4.39
3270,θετικά,4.39
3271,κανω,4.39
3272,κατοικία,4.39
3273,κύτταρα,4.39
3274,λόγου,4.39
3275,μέλι,4.39
3276,μαίρη,4.39
3277,μαύρα,4.39
3278,μικρότερο,4.39
3279,νίκησ,4.39
3280,ναζί,4.39
3281,νεαρή,4.39
3282,νύχια,4.39
3283,ξεχνάσ,4.39
3284,οικονομικέσ,4.39
3285,ομοσπονδία,4.39
3286,ομοσπονδίασ,4.39
3287,ορισμόσ,4.39
3288,πέρσι,4.39
3289,παντα,4.39
3290,προσωπικού,4.39
3291,σκιά,4.39
3292,σκοτώσει,4.39
3293,στου,4.39
3294,συνεχίζουν,4.39
3295,συνολικό,4.39
3296,σύγχρονο,4.39
3297,σύμβαση,4.39
3298,τακτική,4.39
3299,τηλέφωνα,4.39
3300,τουαλέτα,4.39
3301,τουρισμού,4.39
3302,τραγωδία,4.39
3303,τρωσ,4.39
3304,τσιγάρο,4.39
3305,τυρί,4.39
3306,υπόλοιπουσ,4.39
3307,φεγγάρι,4.39
3308,φυλακέσ,4.39
3309,φυσικού,4.39
3310,χίλια,4.39
3311,χαρτιά,4.39
3312,χείλη,4.39
3313,χιούμορ,4.39
3314,χω,4.39
3315,ωραίοσ,4.39
3316,όμιλοσ,4.39
3317,άδειεσ,4.38
3318,έθνοσ,4.38
3319,ίδρυση,4.38
3320,ίντερνετ,4.38
3321,αερίου,4.38
3322,αλέξη,4.38
3323,απίστευτα,4.38
3324,απεργία,4.38
3325,απλα,4.38
3326,αρχήσ,4.38
3327,βαρύ,4.38
3328,γίνετε,4.38
3329,γιατρέ,4.38
3330,γύρισε,4.38
3331,διαβάζω,4.38
3332,διαδικασίεσ,4.38
3333,δολοφονήθηκε,4.38
3334,ειδικόσ,4.38
3335,ενδείξεισ,4.38
3336,ενότητασ,4.38
3337,επόμενοσ,4.38
3338,ζητούν,4.38
3339,ηλίασ,4.38
3340,θείο,4.38
3341,θυμάται,4.38
3342,κέρδη,4.38
3343,καλλιέργεια,4.38
3344,κανονική,4.38
3345,κατάθεση,4.38
3346,κλειδιά,4.38
3347,κοινοβούλιο,4.38
3348,κυριε,4.38
3349,λάδι,4.38
3350,λοιπον,4.38
3351,λύσεισ,4.38
3352,μάθω,4.38
3353,μείνετε,4.38
3354,μείνω,4.38
3355,μεγάλουσ,4.38
3356,μεγέθουσ,4.38
3357,μητροπολίτησ,4.38
3358,μιλήσω,4.38
3359,μού,4.38
3360,μπορέσει,4.38
3361,μυαλά,4.38
3362,νίκεσ,4.38
3363,νυν,4.38
3364,ξένοι,4.38
3365,ξερεισ,4.38
3366,οίκο,4.38
3367,ουτε,4.38
3368,πάτρασ,4.38
3369,πέρυσι,4.38
3370,παιδικά,4.38
3371,παραδοσιακά,4.38
3372,πιθανή,4.38
3373,πλησιάζει,4.38
3374,ποδήλατο,4.38
3375,ρίζεσ,4.38
3376,στρατόπεδο,4.38
3377,στόχουσ,4.38
3378,συμφωνίασ,4.38
3379,ταλέντο,4.38
3380,τουρκικό,4.38
3381,τρώνε,4.38
3382,υπόψη,4.38
3383,φαινόμενα,4.38
3384,φανέλα,4.38
3385,φούρνο,4.38
3386,φύγε,4.38
3387,χρέη,4.38
3388,χρυσήσ,4.38
3389,άφησαν,4.37
3390,έβαλαν,4.37
3391,έγγραφο,4.37
3392,έκδοσησ,4.37
3393,έμειναν,4.37
3394,έξυπνη,4.37
3395,έπαθε,4.37
3396,έφτασαν,4.37
3397,έφυγαν,4.37
3398,ακολουθήσει,4.37
3399,αλβανία,4.37
3400,αμερικανόσ,4.37
3401,ανατολικήσ,4.37
3402,αντίστοιχο,4.37
3403,απαγορεύεται,4.37
3404,απαντήσει,4.37
3405,αποκλείεται,4.37
3406,αποτυχία,4.37
3407,αποφασίσει,4.37
3408,αριθμού,4.37
3409,αρκετή,4.37
3410,αρχών,4.37
3411,αυγή,4.37
3412,αυτοσ,4.37
3413,βάζουν,4.37
3414,βασικέσ,4.37
3415,δοθεί,4.37
3416,δωμάτια,4.37
3417,εναν,4.37
3418,εξω,4.37
3419,επιρροή,4.37
3420,επιστήμησ,4.37
3421,εργαζόμενουσ,4.37
3422,ετήσια,4.37
3423,ευρύτερη,4.37
3424,ευχαριστω,4.37
3425,ηγέτεσ,4.37
3426,ηθική,4.37
3427,ιδιωτικό,4.37
3428,ιι,4.37
3429,κάμερεσ,4.37
3430,κανόνα,4.37
3431,κοινά,4.37
3432,κοινωνικών,4.37
3433,κυβερνήσεισ,4.37
3434,κυριακήσ,4.37
3435,κόκκινη,4.37
3436,λογικά,4.37
3437,μάρτυρεσ,4.37
3438,μαγικό,4.37
3439,μαρκ,4.37
3440,μεθόδουσ,4.37
3441,μεχρι,4.37
3442,μικρών,4.37
3443,μοιάζουν,4.37
3444,μπαταρία,4.37
3445,μπορούσαμε,4.37
3446,μωρά,4.37
3447,μόδασ,4.37
3448,νοσοκομεία,4.37
3449,ξεκάθαρα,4.37
3450,ξεχωριστή,4.37
3451,οδηγούν,4.37
3452,οπτική,4.37
3453,παιδια,4.37
3454,παράδεισο,4.37
3455,παραίτηση,4.37
3456,παραδείγματα,4.37
3457,παρασκευήσ,4.37
3458,περνά,4.37
3459,πετρελαίου,4.37
3460,πρόκριση,4.37
3461,ρίτσαρντ,4.37
3462,ροκ,4.37
3463,σειρέσ,4.37
3464,σεξουαλική,4.37
3465,σκέφτηκα,4.37
3466,σκέψησ,4.37
3467,σκεφτεί,4.37
3468,σταθμούσ,4.37
3469,σταρ,4.37
3470,συμβουλή,4.37
3471,τεσσάρων,4.37
3472,τεύχοσ,4.37
3473,τρόποι,4.37
3474,υψηλό,4.37
3475,φοβούνται,4.37
3476,χίτλερ,4.37
3477,χαμηλή,4.37
3478,χρυσόσ,4.37
3479,ψυχολογία,4.37
3480,έρωτασ,4.36
3481,αεπ,4.36
3482,ανάγκησ,4.36
3483,αντίγραφο,4.36
3484,αντι,4.36
3485,αρκετοί,4.36
3486,ασθενήσ,4.36
3487,ασχολούνται,4.36
3488,αφήνοντασ,4.36
3489,βαθμολογία,4.36
3490,βρισκόμαστε,4.36
3491,γαλλίασ,4.36
3492,γενιάσ,4.36
3493,γνωρίζεισ,4.36
3494,γνώρισα,4.36
3495,γυναικείο,4.36
3496,διαγωνισμού,4.36
3497,διπλή,4.36
3498,ει,4.36
3499,επέλεξε,4.36
3500,επιβάτεσ,4.36
3501,επρόκειτο,4.36
3502,ερευνών,4.36
3503,ζητάσ,4.36
3504,θεωρούνται,4.36
3505,ιράκ,4.36
3506,ιωάννη,4.36
3507,κατάλληλο,4.36
3508,κλείσιμο,4.36
3509,λείπουν,4.36
3510,μάσ,4.36
3511,μήκουσ,4.36
3512,μνημείο,4.36
3513,μυρίζει,4.36
3514,νεκρών,4.36
3515,νομικά,4.36
3516,οριστικά,4.36
3517,ουκρανία,4.36
3518,πέναλτι,4.36
3519,πέφτουν,4.36
3520,πίτερ,4.36
3521,παλιέσ,4.36
3522,παρουσιάζουν,4.36
3523,παρότι,4.36
3524,πε,4.36
3525,περάσετε,4.36
3526,περιπέτεια,4.36
3527,περιστατικό,4.36
3528,προσεκτικά,4.36
3529,προσθήκη,4.36
3530,προσπαθώντασ,4.36
3531,πρόκληση,4.36
3532,ρεύματοσ,4.36
3533,σερρών,4.36
3534,σκηνοθεσία,4.36
3535,στήλη,4.36
3536,συνεδρίαση,4.36
3537,συστημάτων,4.36
3538,συχνότητα,4.36
3539,σχετίζεται,4.36
3540,σχολέσ,4.36
3541,σχολική,4.36
3542,σύγχρονησ,4.36
3543,τρελό,4.36
3544,τρύπα,4.36
3545,φορείσ,4.36
3546,χριστίνα,4.36
3547,όλοσ,4.36
3548,άγγελοσ,4.35
3549,άκου,4.35
3550,άλλοτε,4.35
3551,έγραψα,4.35
3552,έλεοσ,4.35
3553,έξυπνο,4.35
3554,ήρωεσ,4.35
3555,αέρασ,4.35
3556,αγίων,4.35
3557,αγαπάω,4.35
3558,αθλητικά,4.35
3559,ανάμεσά,4.35
3560,αντίληψη,4.35
3561,απαιτείται,4.35
3562,αστυνομικούσ,4.35
3563,αστυνομικόσ,4.35
3564,ατόμου,4.35
3565,αφήνω,4.35
3566,αφήσω,4.35
3567,δημητρίου,4.35
3568,διαθέτουν,4.35
3569,δικαστήρια,4.35
3570,δυσκολίεσ,4.35
3571,εαυτόσ,4.35
3572,εγγύηση,4.35
3573,εγκέφαλο,4.35
3574,εγκλήματα,4.35
3575,εεε,4.35
3576,ειχε,4.35
3577,ελληνεσ,4.35
3578,ελπίδεσ,4.35
3579,επικίνδυνη,4.35
3580,θά,4.35
3581,θεσσαλίασ,4.35
3582,ιανουάριο,4.35
3583,καναπέ,4.35
3584,κατάλογο,4.35
3585,καταλήγει,4.35
3586,κοινωνικά,4.35
3587,κοινωνικέσ,4.35
3588,κυνήγι,4.35
3589,κύκλου,4.35
3590,λιγκ,4.35
3591,μάχεσ,4.35
3592,μίλια,4.35
3593,μαγεία,4.35
3594,μεσ,4.35
3595,μιλά,4.35
3596,μπήκα,4.35
3597,μπαίνουν,4.35
3598,νίκησε,4.35
3599,νεκρό,4.35
3600,νόμισμα,4.35
3601,ξεχωριστό,4.35
3602,πέτροσ,4.35
3603,πήρεσ,4.35
3604,παίκτη,4.35
3605,παππού,4.35
3606,παρακολουθεί,4.35
3607,πηγαίνουν,4.35
3608,πλεονέκτημα,4.35
3609,πληρώνουν,4.35
3610,ποιόν,4.35
3611,προβλημάτων,4.35
3612,προετοιμασία,4.35
3613,ραδιόφωνο,4.35
3614,ρώτησα,4.35
3615,σαλόνι,4.35
3616,σπορ,4.35
3617,στέλεχοσ,4.35
3618,συμπεριλαμβανομένων,4.35
3619,σύνδρομο,4.35
3620,τοποθέτηση,4.35
3621,τυχεροί,4.35
3622,υπάλληλοσ,4.35
3623,υπολογιστέσ,4.35
3624,υποστηρίζουν,4.35
3625,φεύγεισ,4.35
3626,φυλή,4.35
3627,χάρι,4.35
3628,χανιά,4.35
3629,χορόσ,4.35
3630,άδικο,4.34
3631,αγόρασα,4.34
3632,αδέρφια,4.34
3633,ακούστε,4.34
3634,αλλάξουν,4.34
3635,ανάγνωση,4.34
3636,αντάλλαγμα,4.34
3637,αποκάλυψη,4.34
3638,αφιερωμένο,4.34
3639,βάλουν,4.34
3640,γαλλική,4.34
3641,γενικέσ,4.34
3642,γεωργία,4.34
3643,γνώριζε,4.34
3644,γω,4.34
3645,δείγματα,4.34
3646,δημιουργίασ,4.34
3647,δημιουργώντασ,4.34
3648,δι,4.34
3649,διάταξη,4.34
3650,διοικητή,4.34
3651,δυναμικό,4.34
3652,είσοδοσ,4.34
3653,εγινε,4.34
3654,εκπομπέσ,4.34
3655,επαρχία,4.34
3656,ζήσεισ,4.34
3657,ηλίου,4.34
3658,ηλεκτρονικό,4.34
3659,θεέ,4.34
3660,ιδιοκτησία,4.34
3661,ιδιωτική,4.34
3662,ιδιότητα,4.34
3663,ιδρύθηκε,4.34
3664,καρκίνου,4.34
3665,κοιλιά,4.34
3666,κυριαρχία,4.34
3667,λέγαμε,4.34
3668,λίγοι,4.34
3669,λογισμικό,4.34
3670,μάρτιν,4.34
3671,μέσοσ,4.34
3672,μαθητήσ,4.34
3673,μαθητών,4.34
3674,μιλούν,4.34
3675,μούτρα,4.34
3676,ντέρμπι,4.34
3677,οδηγό,4.34
3678,πάνοσ,4.34
3679,παίξουμε,4.34
3680,παναγιώτη,4.34
3681,προσωπικότητα,4.34
3682,πύργο,4.34
3683,σημειώσεισ,4.34
3684,σκηνέσ,4.34
3685,σκηνικό,4.34
3686,σκόνη,4.34
3687,σπάσει,4.34
3688,σταματήσουν,4.34
3689,στενά,4.34
3690,τόπου,4.34
3691,υόρκησ,4.34
3692,φεύγω,4.34
3693,φιλία,4.34
3694,φορτίο,4.34
3695,φπα,4.34
3696,φρανκ,4.34
3697,φροντίδα,4.34
3698,χάοσ,4.34
3699,χάσετε,4.34
3700,όμιλο,4.34
3701,έγραφε,4.33
3702,έξοδα,4.33
3703,έρθεισ,4.33
3704,έριξε,4.33
3705,ίσα,4.33
3706,αίγυπτο,4.33
3707,αγαπημένα,4.33
3708,αγωνία,4.33
3709,αγόρασε,4.33
3710,αε,4.33
3711,αθηνα,4.33
3712,αιτήσεισ,4.33
3713,αλλάξω,4.33
3714,ανακάλυψε,4.33
3715,αντώνη,4.33
3716,αξίεσ,4.33
3717,απάτη,4.33
3718,απίστευτη,4.33
3719,βγεισ,4.33
3720,γενικήσ,4.33
3721,γνωρίσει,4.33
3722,δήμων,4.33
3723,δημοσίευση,4.33
3724,διάκριση,4.33
3725,διάφορουσ,4.33
3726,δικαιολογία,4.33
3727,είσαστε,4.33
3728,εβδομάδασ,4.33
3729,εκείνον,4.33
3730,εκθέσεισ,4.33
3731,ελεύθεροι,4.33
3732,εμ,4.33
3733,εξηγήσεισ,4.33
3734,επιτέθηκε,4.33
3735,επιχείρησησ,4.33
3736,εργάτεσ,4.33
3737,ευθεία,4.33
3738,ευθύνησ,4.33
3739,ηλίθια,4.33
3740,θλίψη,4.33
3741,θράκη,4.33
3742,ισχύοσ,4.33
3743,καθυστέρηση,4.33
3744,κατάστασησ,4.33
3745,κινδύνου,4.33
3746,κινητά,4.33
3747,κλικ,4.33
3748,κρισ,4.33
3749,κρύβει,4.33
3750,κυριολεκτικά,4.33
3751,κωνσταντινούπολη,4.33
3752,κόκκινα,4.33
3753,κόρησ,4.33
3754,λιγότερα,4.33
3755,λογαριασμούσ,4.33
3756,μίσοσ,4.33
3757,μαλακία,4.33
3758,μαλλιών,4.33
3759,μικρήσ,4.33
3760,μονοπάτι,4.33
3761,μπόρεσε,4.33
3762,νικητήσ,4.33
3763,νύχτεσ,4.33
3764,οξύ,4.33
3765,ορίστε,4.33
3766,ουάσινγκτον,4.33
3767,πήγαμε,4.33
3768,παγωτό,4.33
3769,παιδικό,4.33
3770,παραδοσιακό,4.33
3771,παραμύθι,4.33
3772,περιεχομένου,4.33
3773,περιφερειακή,4.33
3774,πισω,4.33
3775,πραγματοποιείται,4.33
3776,προέκυψε,4.33
3777,προορισμό,4.33
3778,προσευχή,4.33
3779,προσπαθείσ,4.33
3780,προχώρησε,4.33
3781,πτήσεισ,4.33
3782,πυρά,4.33
3783,σενάρια,4.33
3784,σημαντικόσ,4.33
3785,σκυλί,4.33
3786,σπουδαία,4.33
3787,στολή,4.33
3788,στούντιο,4.33
3789,συζητήσεισ,4.33
3790,συμμετοχέσ,4.33
3791,συνθήκη,4.33
3792,τοπίο,4.33
3793,φανεί,4.33
3794,χτυπήσει,4.33
3795,ψυχέσ,4.33
3796,όμορφεσ,4.33
3797,ήρωα,4.32
3798,ίδιασ,4.32
3799,αέριο,4.32
3800,αδύνατο,4.32
3801,αισθήματα,4.32
3802,αλάτι,4.32
3803,ανησυχία,4.32
3804,αντίπαλο,4.32
3805,αρχιτεκτονική,4.32
3806,αύγουστοσ,4.32
3807,βάρουσ,4.32
3808,βασικόσ,4.32
3809,βενιζέλου,4.32
3810,βρίσκουν,4.32
3811,γνώρισε,4.32
3812,γρήγορο,4.32
3813,γραμμήσ,4.32
3814,γραφή,4.32
3815,δημιουργηθεί,4.32
3816,δημοσίων,4.32
3817,δημοσιογράφοι,4.32
3818,διάβασε,4.32
3819,διαθέσιμα,4.32
3820,διαφήμιση,4.32
3821,εισόδημα,4.32
3822,εκπομπήσ,4.32
3823,εκστρατεία,4.32
3824,ενδεχόμενο,4.32
3825,εννοείται,4.32
3826,εύκολη,4.32
3827,ζευγάρια,4.32
3828,ηλία,4.32
3829,ηλίθιοσ,4.32
3830,θάνατό,4.32
3831,κάρτεσ,4.32
3832,καλοκαιριού,4.32
3833,κατάλαβε,4.32
3834,κατάρρευση,4.32
3835,κινητήρα,4.32
3836,κοιμάται,4.32
3837,κρυφά,4.32
3838,κυκλοφορούν,4.32
3839,κυρίεσ,4.32
3840,κύκλουσ,4.32
3841,λήψη,4.32
3842,λειτουργίεσ,4.32
3843,λευκή,4.32
3844,λευκωσία,4.32
3845,μεγάλωσε,4.32
3846,μπαμπάσ,4.32
3847,μόνιμη,4.32
3848,νεκρή,4.32
3849,πάσα,4.32
3850,πέταξε,4.32
3851,πανω,4.32
3852,παροχή,4.32
3853,πλάι,4.32
3854,ποιητήσ,4.32
3855,πολίτησ,4.32
3856,πολιτείασ,4.32
3857,προηγουμένωσ,4.32
3858,προσφέρουν,4.32
3859,σκοπούσ,4.32
3860,σοβαρέσ,4.32
3861,σπιτι,4.32
3862,σταθμού,4.32
3863,στείλε,4.32
3864,συζύγου,4.32
3865,συνεχή,4.32
3866,συνεχίζουμε,4.32
3867,σύντομη,4.32
3868,τεχνών,4.32
3869,υπερβολικά,4.32
3870,υπολογίζεται,4.32
3871,υπολογιστών,4.32
3872,φίλων,4.32
3873,φρούτα,4.32
3874,φτιάχνει,4.32
3875,φυσικών,4.32
3876,φόρμα,4.32
3877,χημικά,4.32
3878,χρηματοδότηση,4.32
3879,όροφο,4.32
3880,ά,4.31
3881,έζησε,4.31
3882,έμφαση,4.31
3883,αγωνιστικήσ,4.31
3884,αθλητισμού,4.31
3885,αναμονή,4.31
3886,ανθρώπινα,4.31
3887,απειλέσ,4.31
3888,αποφασίζει,4.31
3889,αποχώρηση,4.31
3890,ασθενή,4.31
3891,βαθύ,4.31
3892,βασιλείου,4.31
3893,βγουν,4.31
3894,βενιζέλοσ,4.31
3895,βόρειο,4.31
3896,γαλλικά,4.31
3897,γράφεισ,4.31
3898,δίπλωμα,4.31
3899,διάρκειασ,4.31
3900,διδασκαλία,4.31
3901,εθνικά,4.31
3902,ειλικρινά,4.31
3903,ειμαστε,4.31
3904,ελασ,4.31
3905,επίδειξη,4.31
3906,επαγγελματίασ,4.31
3907,επαγγελματικό,4.31
3908,επικίνδυνα,4.31
3909,ζακ,4.31
3910,ιταλίασ,4.31
3911,ιωάννα,4.31
3912,καιρούσ,4.31
3913,κατανόηση,4.31
3914,κατασκευέσ,4.31
3915,κρατάσ,4.31
3916,κρατική,4.31
3917,κτιρίου,4.31
3918,λαϊκό,4.31
3919,μέτρησησ,4.31
3920,μηχανικόσ,4.31
3921,μοναστήρι,4.31
3922,μπείτε,4.31
3923,μπεσ,4.31
3924,μπορεισ,4.31
3925,μυθιστόρημα,4.31
3926,μόνα,4.31
3927,ξάνθησ,4.31
3928,ξένων,4.31
3929,οχήματα,4.31
3930,πάντεσ,4.31
3931,πίτσα,4.31
3932,παλάτι,4.31
3933,παράθυρα,4.31
3934,παρακολούθηση,4.31
3935,παρουσιάζεται,4.31
3936,πελάτησ,4.31
3937,πενήντα,4.31
3938,περιοδικά,4.31
3939,πλήρωμα,4.31
3940,πληθυσμό,4.31
3941,πλην,4.31
3942,ποδοσφαιριστέσ,4.31
3943,ποπ,4.31
3944,ποσότητεσ,4.31
3945,πραγματοποίησε,4.31
3946,προβλέψεισ,4.31
3947,πρώτων,4.31
3948,πυρήνα,4.31
3949,ρεάλ,4.31
3950,σάλτσα,4.31
3951,σίγουρη,4.31
3952,σαμαρά,4.31
3953,συγκρούσεισ,4.31
3954,συμμαχία,4.31
3955,συνόλου,4.31
3956,σχεδίων,4.31
3957,σωματείο,4.31
3958,σύσκεψη,4.31
3959,τελικόσ,4.31
3960,τηλεοπτική,4.31
3961,τιμωρία,4.31
3962,τούρκων,4.31
3963,τυχαίο,4.31
3964,τόνουσ,4.31
3965,υγρασία,4.31
3966,υποδοχή,4.31
3967,φέρε,4.31
3968,φταίω,4.31
3969,φυτό,4.31
3970,φόρουσ,4.31
3971,φύλλο,4.31
3972,χρειάζομαι,4.31
3973,ψάρι,4.31
3974,ψηφοφορία,4.31
3975,όψη,4.31
3976,άκουσε,4.30
3977,αθηναίων,4.30
3978,ανελ,4.30
3979,ανεργία,4.30
3980,ανθρωπότητα,4.30
3981,αντε,4.30
3982,απ'τα,4.30
3983,αποκάλυψε,4.30
3984,αυξάνεται,4.30
3985,δείπνο,4.30
3986,δημιουργούν,4.30
3987,διαβάζεισ,4.30
3988,διαρκεί,4.30
3989,διασκέδαση,4.30
3990,δισεκατομμύρια,4.30
3991,δρόμοι,4.30
3992,δυναμική,4.30
3993,δυό,4.30
3994,εισόδου,4.30
3995,εντυπωσιακή,4.30
3996,εξίσου,4.30
3997,ζήσω,4.30
3998,ινδία,4.30
3999,κάθεσαι,4.30
4000,κάθομαι,4.30
4001,κακά,4.30
4002,καλο,4.30
4003,κανονικό,4.30
4004,καταγωγή,4.30
4005,κατανάλωση,4.30
4006,κινηματογράφου,4.30
4007,κοιμάσαι,4.30
4008,κορέα,4.30
4009,κοστίζει,4.30
4010,κουράγιο,4.30
4011,κρατικό,4.30
4012,κτήριο,4.30
4013,κωδικόσ,4.30
4014,κώδικασ,4.30
4015,μέσων,4.30
4016,μουσείου,4.30
4017,μπήκαν,4.30
4018,μπαρτσελόνα,4.30
4019,μπουκάλι,4.30
4020,μόρια,4.30
4021,ναού,4.30
4022,νεαρό,4.30
4023,νύφη,4.30
4024,ολλανδία,4.30
4025,οπαδοί,4.30
4026,οπωσδήποτε,4.30
4027,πέρασα,4.30
4028,παίζουμε,4.30
4029,παγκοσμίου,4.30
4030,παντρεύτηκε,4.30
4031,παράνομη,4.30
4032,προηγούμενεσ,4.30
4033,προστατεύει,4.30
4034,σίγουροι,4.30
4035,σεφ,4.30
4036,σταθερό,4.30
4037,σταμάτα,4.30
4038,συμφέροντα,4.30
4039,συνεχίσουμε,4.30
4040,σχολείων,4.30
4041,σύνοδο,4.30
4042,σύσταση,4.30
4043,τομέασ,4.30
4044,τραγουδίστρια,4.30
4045,τρώω,4.30
4046,υποτίθεται,4.30
4047,φέρω,4.30
4048,φεύγουν,4.30
4049,φοράω,4.30
4050,χάρτησ,4.30
4051,χιλ,4.30
4052,χρονικά,4.30
4053,χρονική,4.30
4054,άνευ,4.29
4055,άσπρο,4.29
4056,έ,4.29
4057,έπαιρνε,4.29
4058,έφαγε,4.29
4059,αγοράσει,4.29
4060,αεροσκάφοσ,4.29
4061,ακούτε,4.29
4062,αλληλεγγύη,4.29
4063,ανέρχεται,4.29
4064,αξίζουν,4.29
4065,απέχει,4.29
4066,απασχολεί,4.29
4067,απρίλιο,4.29
4068,ασκήσεισ,4.29
4069,βγάζεισ,4.29
4070,βουλευτή,4.29
4071,βουλευτών,4.29
4072,γαλλικό,4.29
4073,γερμανικά,4.29
4074,γερμανόσ,4.29
4075,γρήγορη,4.29
4076,δάχτυλα,4.29
4077,διαζύγιο,4.29
4078,διαχείρισησ,4.29
4079,διεξαγωγή,4.29
4080,δυνατότητεσ,4.29
4081,είν,4.29
4082,εξαιρετικό,4.29
4083,επάγγελμα,4.29
4084,επίθεσησ,4.29
4085,επίκεντρο,4.29
4086,επενδύσεισ,4.29
4087,ζώο,4.29
4088,ηλεκτρικό,4.29
4089,ηνωμένων,4.29
4090,θανάσησ,4.29
4091,θείοσ,4.29
4092,θεατρική,4.29
4093,κίνησησ,4.29
4094,καβάλα,4.29
4095,καλαμάτασ,4.29
4096,καλύτεροι,4.29
4097,κατάθλιψη,4.29
4098,κατέχει,4.29
4099,κινδυνεύει,4.29
4100,κλίμακα,4.29
4101,κληρονομιά,4.29
4102,κράτηση,4.29
4103,κρατά,4.29
4104,κρατάω,4.29
4105,κριτήρια,4.29
4106,κυπριακή,4.29
4107,κυριάκοσ,4.29
4108,λέσβου,4.29
4109,μάθαμε,4.29
4110,μέγιστη,4.29
4111,μένεισ,4.29
4112,μένω,4.29
4113,μίνι,4.29
4114,μεγαλώνει,4.29
4115,μονάχα,4.29
4116,ναόσ,4.29
4117,νικητέσ,4.29
4118,ξεχάσεισ,4.29
4119,οδήγησαν,4.29
4120,ορισμένοι,4.29
4121,πέραν,4.29
4122,παράγοντασ,4.29
4123,πλούσιο,4.29
4124,ποιουσ,4.29
4125,πορτογαλία,4.29
4126,προτεραιότητα,4.29
4127,πρόθεση,4.29
4128,ρίο,4.29
4129,σελήνη,4.29
4130,σημερα,4.29
4131,σκεφτείτε,4.29
4132,στροφή,4.29
4133,σωτηρία,4.29
4134,σώματα,4.29
4135,τάξεισ,4.29
4136,τουρισμόσ,4.29
4137,τρένο,4.29
4138,τρελή,4.29
4139,υποχρεώσεισ,4.29
4140,χαμηλό,4.29
4141,χαρακτήρασ,4.29
4142,χεισ,4.29
4143,ψάχνετε,4.29
4144,όμορφοσ,4.29
4145,όσων,4.29
4146,ύλη,4.29
4147,έβλεπα,4.28
4148,έγκριση,4.28
4149,έπεσαν,4.28
4150,έσπασε,4.28
4151,αγωγή,4.28
4152,αθλητικό,4.28
4153,ακαδημία,4.28
4154,ακούμε,4.28
4155,ακριβή,4.28
4156,αλυσίδα,4.28
4157,αμερικανοί,4.28
4158,ανέβηκε,4.28
4159,αναλυτικά,4.28
4160,ανεξάρτητη,4.28
4161,αξιωματικόσ,4.28
4162,αποφάσισαν,4.28
4163,αρχικό,4.28
4164,ασία,4.28
4165,ασφαλέσ,4.28
4166,αφήσουμε,4.28
4167,βαγγέλησ,4.28
4168,βασιλική,4.28
4169,βγάλουμε,4.28
4170,βορρά,4.28
4171,γνώσεισ,4.28
4172,γραμματέα,4.28
4173,δέχτηκε,4.28
4174,δεχτεί,4.28
4175,δημήτριοσ,4.28
4176,δημοκρατική,4.28
4177,δημοτικήσ,4.28
4178,διαταγή,4.28
4179,διεθνώσ,4.28
4180,εγκεφάλου,4.28
4181,εδάφουσ,4.28
4182,εθελοντέσ,4.28
4183,εκατομμύριο,4.28
4184,εκπαιδευτικό,4.28
4185,εκπληκτικό,4.28
4186,επαγγελματίεσ,4.28
4187,επιλογήσ,4.28
4188,επιπτώσεισ,4.28
4189,ευρήματα,4.28
4190,ηλεκτρονική,4.28
4191,θετικό,4.28
4192,ιωάννινα,4.28
4193,καβάλασ,4.28
4194,καναδά,4.28
4195,κατω,4.28
4196,κλήρωση,4.28
4197,κλειστά,4.28
4198,κολέγιο,4.28
4199,κομμάτων,4.28
4200,κυπριακό,4.28
4201,κύματα,4.28
4202,λαμβάνοντασ,4.28
4203,λαμβάνουν,4.28
4204,μέ,4.28
4205,μέγασ,4.28
4206,μαρίνα,4.28
4207,μισθό,4.28
4208,μιχαήλ,4.28
4209,μουσικέσ,4.28
4210,ξέραμε,4.28
4211,ξεχνάμε,4.28
4212,ομορφιάσ,4.28
4213,οργάνων,4.28
4214,ουσίεσ,4.28
4215,οφ,4.28
4216,πίνεισ,4.28
4217,παρα,4.28
4218,πεινάω,4.28
4219,πελοποννήσου,4.28
4220,περάσουμε,4.28
4221,πετάει,4.28
4222,πλατφόρμα,4.28
4223,προδοσία,4.28
4224,προειδοποίηση,4.28
4225,πρωτότυπο,4.28
4226,ρυθμίσεισ,4.28
4227,σ'αγαπώ,4.28
4228,σήμαινε,4.28
4229,σημάδι,4.28
4230,σμιθ,4.28
4231,σοφίασ,4.28
4232,σύνοδοσ,4.28
4233,τζων,4.28
4234,τηλεοπτικό,4.28
4235,τουρίστεσ,4.28
4236,τραγουδιστήσ,4.28
4237,τσαρλσ,4.28
4238,υποστεί,4.28
4239,υποψήφιοι,4.28
4240,φάκελο,4.28
4241,φτάσουν,4.28
4242,χαρακτηρίζεται,4.28
4243,χρειάζεστε,4.28
4244,χρειάστηκε,4.28
4245,ψάχνουμε,4.28
4246,ψήφουσ,4.28
4247,ψώνια,4.28
4248,όγκο,4.28
4249,άνθρακα,4.27
4250,έρθω,4.27
4251,ήχου,4.27
4252,αδερφό,4.27
4253,αθηνά,4.27
4254,αθλητικέσ,4.27
4255,ακολούθησαν,4.27
4256,αλλάξουμε,4.27
4257,αλλαγήσ,4.27
4258,ανακοινώθηκε,4.27
4259,αναμέτρηση,4.27
4260,αναφοράσ,4.27
4261,ανεβαίνει,4.27
4262,αντιστοιχεί,4.27
4263,αποστάσεισ,4.27
4264,αποφάσισα,4.27
4265,αρνητικά,4.27
4266,ασανσέρ,4.27
4267,ασφαλώσ,4.27
4268,αφήνουμε,4.27
4269,βγάλεισ,4.27
4270,βλάβη,4.27
4271,βλέποντασ,4.27
4272,γερμανικέσ,4.27
4273,δάκρυα,4.27
4274,δίκτυα,4.27
4275,δεκέμβριο,4.27
4276,δημοσίευσε,4.27
4277,δημόσιεσ,4.27
4278,διαβάζει,4.27
4279,διαμαρτυρίασ,4.27
4280,δικαστηρίου,4.27
4281,δολαρίων,4.27
4282,δομέσ,4.27
4283,δουλειάσ,4.27
4284,δόσεισ,4.27
4285,εαν,4.27
4286,εαυτού,4.27
4287,εκφράζει,4.27
4288,ελένησ,4.27
4289,εμπορική,4.27
4290,εξέδωσε,4.27
4291,ευτυχισμένοσ,4.27
4292,ζωη,4.27
4293,ηλεκτρική,4.27
4294,ισορροπία,4.27
4295,καθήκοντα,4.27
4296,καλλιτέχνησ,4.27
4297,κανα,4.27
4298,καφέσ,4.27
4299,κοινοβουλίου,4.27
4300,μητσοτάκη,4.27
4301,μιχάλη,4.27
4302,μορφήσ,4.27
4303,μπεν,4.27
4304,ξεκινάμε,4.27
4305,οργανισμούσ,4.27
4306,πα,4.27
4307,παρών,4.27
4308,πιω,4.27
4309,πληρώσουν,4.27
4310,προγραμμα,4.27
4311,πρόεδρε,4.27
4312,πρόσωπό,4.27
4313,πρώτουσ,4.27
4314,πτώμα,4.27
4315,ρωτάσ,4.27
4316,ρωτάω,4.27
4317,σαράντα,4.27
4318,σκάνδαλο,4.27
4319,συλλόγων,4.27
4320,συμμετάσχει,4.27
4321,συνελήφθησαν,4.27
4322,τάσοσ,4.27
4323,ταχύτητασ,4.27
4324,τοίχουσ,4.27
4325,τουρισμό,4.27
4326,τουρκικά,4.27
4327,τούσ,4.27
4328,τρέχουν,4.27
4329,τρίπολησ,4.27
4330,τρίτησ,4.27
4331,τυχόν,4.27
4332,υπερβολική,4.27
4333,φέρνουν,4.27
4334,φαντάσου,4.27
4335,χάσω,4.27
4336,χορού,4.27
4337,έλεγεσ,4.26
4338,έμπνευση,4.26
4339,έξοδοσ,4.26
4340,ήλιου,4.26
4341,ήχοσ,4.26
4342,αγαπητέ,4.26
4343,αδέλφια,4.26
4344,αισθάνομαι,4.26
4345,αλλάξεισ,4.26
4346,ανάληψη,4.26
4347,ανακοινώνει,4.26
4348,αναφέρθηκε,4.26
4349,απόλλωνα,4.26
4350,αρνήθηκε,4.26
4351,αρχίσουν,4.26
4352,αρχίσω,4.26
4353,ασθένειεσ,4.26
4354,αυγήσ,4.26
4355,αυτοκρατορία,4.26
4356,βγάζω,4.26
4357,γκρι,4.26
4358,γκόμενα,4.26
4359,δήμητρα,4.26
4360,διάγνωση,4.26
4361,εθνικών,4.26
4362,εισβολή,4.26
4363,εμπειρίεσ,4.26
4364,εξωτερικού,4.26
4365,επένδυση,4.26
4366,εποχών,4.26
4367,εταιρίεσ,4.26
4368,εχθρούσ,4.26
4369,εχθρόσ,4.26
4370,ηλίθιοι,4.26
4371,θερμοκρασίασ,4.26
4372,θητεία,4.26
4373,ιδρύματα,4.26
4374,καθήκον,4.26
4375,καθρέφτη,4.26
4376,καλαμάτα,4.26
4377,καραμανλή,4.26
4378,κιβώτιο,4.26
4379,κλάδο,4.26
4380,λατρεύω,4.26
4381,λονδίνου,4.26
4382,μέγιστο,4.26
4383,μέρκελ,4.26
4384,μέσου,4.26
4385,μαι,4.26
4386,μεταφράσεισ,4.26
4387,μητσοτάκησ,4.26
4388,μονήσ,4.26
4389,μυρωδιά,4.26
4390,μυστική,4.26
4391,μύθοσ,4.26
4392,ναυτικό,4.26
4393,νοέμβριο,4.26
4394,νοσοκομείου,4.26
4395,νούμερα,4.26
4396,ξεπεράσει,4.26
4397,ολο,4.26
4398,οπαδούσ,4.26
4399,πίνω,4.26
4400,περιφερειακήσ,4.26
4401,περνάμε,4.26
4402,πετρέλαιο,4.26
4403,πνευματική,4.26
4404,πολλα,4.26
4405,πρίγκιπα,4.26
4406,πραξικόπημα,4.26
4407,προσωρινά,4.26
4408,πρόσεχε,4.26
4409,ρόδο,4.26
4410,σινεμά,4.26
4411,σμύρνη,4.26
4412,στάδια,4.26
4413,στέγη,4.26
4414,στενή,4.26
4415,συγγραφείσ,4.26
4416,συναντήσει,4.26
4417,συστατικά,4.26
4418,σχεδιασμόσ,4.26
4419,τέλουσ,4.26
4420,τε,4.26
4421,τηλεόρασησ,4.26
4422,υπογράψει,4.26
4423,υφίσταται,4.26
4424,χρειάζεσαι,4.26
4425,χώμα,4.26
4426,όροι,4.26
4427,άγκυρα,4.25
4428,άλογο,4.25
4429,άνοδοσ,4.25
4430,άρχισα,4.25
4431,έθνουσ,4.25
4432,έρικ,4.25
4433,έστειλαν,4.25
4434,αγαπά,4.25
4435,αγαπούν,4.25
4436,αμφιβολία,4.25
4437,ανθρώπινησ,4.25
4438,αποκτά,4.25
4439,αστική,4.25
4440,βάλετε,4.25
4441,βγαίνω,4.25
4442,βενζίνη,4.25
4443,βόρειασ,4.25
4444,γερμανούσ,4.25
4445,γνωστέσ,4.25
4446,γυρίσω,4.25
4447,δίαιτα,4.25
4448,δηλώσει,4.25
4449,είδατε,4.25
4450,εισαγγελέασ,4.25
4451,εκδίκηση,4.25
4452,εκκλησίεσ,4.25
4453,εκλογή,4.25
4454,εκτ,4.25
4455,εναλλακτική,4.25
4456,επαφέσ,4.25
4457,επι,4.25
4458,επικράτησε,4.25
4459,επιτυχημένη,4.25
4460,ζήτησαν,4.25
4461,ηγέτη,4.25
4462,ηνωμένεσ,4.25
4463,ηρεμία,4.25
4464,θυσία,4.25
4465,ιεράσ,4.25
4466,κίνασ,4.25
4467,κίτρινο,4.25
4468,κακόσ,4.25
4469,καλύτερουσ,4.25
4470,κανόνασ,4.25
4471,καπέλο,4.25
4472,καρδιέσ,4.25
4473,καστοριάσ,4.25
4474,καταγωγήσ,4.25
4475,κατανομή,4.25
4476,καταστροφήσ,4.25
4477,κόψει,4.25
4478,λαϊκήσ,4.25
4479,μέτρηση,4.25
4480,μικροί,4.25
4481,μιλώντασ,4.25
4482,ξένουσ,4.25
4483,οικογενειακό,4.25
4484,ούτωσ,4.25
4485,πίεσησ,4.25
4486,παντελόνι,4.25
4487,παρέχουν,4.25
4488,περιόδουσ,4.25
4489,πιέσεισ,4.25
4490,ποίημα,4.25
4491,προσβολή,4.25
4492,προσπάθησαν,4.25
4493,πρόοδο,4.25
4494,ρίχνει,4.25
4495,ρώσοι,4.25
4496,σεισμό,4.25
4497,σημείωμα,4.25
4498,σικάγο,4.25
4499,στατιστικά,4.25
4500,συνταγέσ,4.25
4501,σχετικό,4.25
4502,τέτοιου,4.25
4503,τζάκσον,4.25
4504,τουρκικήσ,4.25
4505,τούρκοσ,4.25
4506,τραυματίεσ,4.25
4507,υπάλληλοι,4.25
4508,υπέγραψε,4.25
4509,υπουργοί,4.25
4510,φάτε,4.25
4511,φαν,4.25
4512,φορα,4.25
4513,φωνάζει,4.25
4514,χένρι,4.25
4515,χρειαζόταν,4.25
4516,ώρασ,4.25
4517,άσχημο,4.24
4518,έδωσα,4.24
4519,έντονο,4.24
4520,αισθάνεσαι,4.24
4521,αισθάνεται,4.24
4522,ανακάλυψη,4.24
4523,αναπληρωτήσ,4.24
4524,αντ,4.24
4525,αντέχω,4.24
4526,ανώτατο,4.24
4527,αξιοπρέπεια,4.24
4528,απέκτησε,4.24
4529,αποδοχή,4.24
4530,απόσπασμα,4.24
4531,απόστολοσ,4.24
4532,αριθμοί,4.24
4533,αρνείται,4.24
4534,αρχίδια,4.24
4535,αρχαιολογικό,4.24
4536,αστέρα,4.24
4537,βάσησ,4.24
4538,βγάζουν,4.24
4539,βγήκαν,4.24
4540,βοηθά,4.24
4541,γερμανικό,4.24
4542,γουίλιαμ,4.24
4543,δάνειο,4.24
4544,διάλυση,4.24
4545,διαβάσω,4.24
4546,διαδικτύου,4.24
4547,διαταραχή,4.24
4548,δοκιμάσει,4.24
4549,δράσεισ,4.24
4550,εθνικέσ,4.24
4551,εκανα,4.24
4552,ελβετία,4.24
4553,επέτειο,4.24
4554,εσωτερικά,4.24
4555,ευρωπαϊκά,4.24
4556,ζήσουμε,4.24
4557,ζωντανό,4.24
4558,ηρακλήσ,4.24
4559,θαλάσσια,4.24
4560,θεά,4.24
4561,θερμοκρασίεσ,4.24
4562,θυμάτων,4.24
4563,κέικ,4.24
4564,καλέ,4.24
4565,καλη,4.24
4566,κατέκτησε,4.24
4567,καταιγίδα,4.24
4568,κόρεσ,4.24
4569,λεει,4.24
4570,λογοτεχνία,4.24
4571,μέσησ,4.24
4572,μερα,4.24
4573,μετάλλια,4.24
4574,μεταγραφή,4.24
4575,μπροσ,4.24
4576,μόνιμα,4.24
4577,νεύρα,4.24
4578,νομοσχέδιο,4.24
4579,ξεχωριστά,4.24
4580,οικογενειακή,4.24
4581,ολεσ,4.24
4582,ολοκληρωθεί,4.24
4583,ολυμπιακούσ,4.24
4584,ορίζει,4.24
4585,πάτωμα,4.24
4586,πέθαναν,4.24
4587,πανέμορφη,4.24
4588,παραγγελία,4.24
4589,παρουσιάστηκε,4.24
4590,παρόμοιο,4.24
4591,πείσει,4.24
4592,περίεργα,4.24
4593,πετάξει,4.24
4594,πλάσμα,4.24
4595,πολιτιστικό,4.24
4596,πουλήσει,4.24
4597,πρίγκιπασ,4.24
4598,προσπαθούμε,4.24
4599,πρωτόκολλο,4.24
4600,πόρων,4.24
4601,σαλάτα,4.24
4602,στέφανοσ,4.24
4603,σταθμοί,4.24
4604,σταματήστε,4.24
4605,συγκεκριμένεσ,4.24
4606,συμπεριφοράσ,4.24
4607,συναγερμόσ,4.24
4608,σύνδεσμοσ,4.24
4609,τέταρτη,4.24
4610,τοπικών,4.24
4611,τραπεζών,4.24
4612,τροφέσ,4.24
4613,τσακ,4.24
4614,τσιγάρα,4.24
4615,υποστήριξησ,4.24
4616,υψηλέσ,4.24
4617,φαινόταν,4.24
4618,φιλική,4.24
4619,χάρισ,4.24
4620,χίου,4.24
4621,χαλκιδικήσ,4.24
4622,άθλημα,4.23
4623,άλμα,4.23
4624,έγινα,4.23
4625,έννοιεσ,4.23
4626,έξυπνοσ,4.23
4627,έτοιμα,4.23
4628,αδερφέ,4.23
4629,αισθητική,4.23
4630,ακολουθώντασ,4.23
4631,αλλη,4.23
4632,ανατολήσ,4.23
4633,αντίστασησ,4.23
4634,αντιθέτωσ,4.23
4635,αρκετούσ,4.23
4636,αρχηγού,4.23
4637,αυτί,4.23
4638,αυτοκτόνησε,4.23
4639,αυτόματα,4.23
4640,αφότου,4.23
4641,βγάλουν,4.23
4642,βορείου,4.23
4643,γαμήσου,4.23
4644,δεδομένο,4.23
4645,διαφορετικούσ,4.23
4646,διοργανώνει,4.23
4647,δολοφονίασ,4.23
4648,δουλεια,4.23
4649,δουλεύεισ,4.23
4650,δράμασ,4.23
4651,εγκλήματοσ,4.23
4652,ειδικών,4.23
4653,ειχα,4.23
4654,εκτιμήσεισ,4.23
4655,εμπόδια,4.23
4656,ενδιαφέρεται,4.23
4657,ενδιαφέρουσα,4.23
4658,επηρεάζει,4.23
4659,επιστρέψουν,4.23
4660,εργαλείο,4.23
4661,εργατικό,4.23
4662,ερωτική,4.23
4663,εστία,4.23
4664,ζαν,4.23
4665,ημίχρονο,4.23
4666,θελα,4.23
4667,θόρυβο,4.23
4668,κατάκτηση,4.23
4669,καταγγελία,4.23
4670,καταπληκτική,4.23
4671,καταστροφέσ,4.23
4672,κλαισ,4.23
4673,κοινήσ,4.23
4674,κοσμήματα,4.23
4675,κουλτούρα,4.23
4676,κρίσιμη,4.23
4677,κόψω,4.23
4678,λευκά,4.23
4679,μαρίασ,4.23
4680,μαρτυρία,4.23
4681,μνημεία,4.23
4682,μονάδων,4.23
4683,μπάντα,4.23
4684,μπάτσοι,4.23
4685,μπιλ,4.23
4686,μπλούζα,4.23
4687,μόδα,4.23
4688,νομιζω,4.23
4689,ντόναλντ,4.23
4690,νύχτασ,4.23
4691,ξεχάσω,4.23
4692,ολη,4.23
4693,πίπα,4.23
4694,πίτα,4.23
4695,παίξω,4.23
4696,παγκόσμιου,4.23
4697,παραδοσιακή,4.23
4698,πιάνο,4.23
4699,πλάνο,4.23
4700,πλευράσ,4.23
4701,ποσοστά,4.23
4702,ποταμού,4.23
4703,πραγμάτων,4.23
4704,προσέχετε,4.23
4705,πρότεινε,4.23
4706,πωλ,4.23
4707,πόλεων,4.23
4708,πόλο,4.23
4709,σκάσε,4.23
4710,σκοτώθηκαν,4.23
4711,σπουδαίο,4.23
4712,στηρίζει,4.23
4713,συλλογήσ,4.23
4714,συμφωνίεσ,4.23
4715,συνείδηση,4.23
4716,συνομιλίεσ,4.23
4717,σχέσησ,4.23
4718,σχεδιασμού,4.23
4719,σύνθημα,4.23
4720,σύντομο,4.23
4721,τίτλουσ,4.23
4722,τιμόνι,4.23
4723,τμημάτων,4.23
4724,τρικάλων,4.23
4725,υλικών,4.23
4726,υπεύθυνο,4.23
4727,υποστήριξε,4.23
4728,υψηλά,4.23
4729,φάσμα,4.23
4730,φεβρουάριο,4.23
4731,φωνάζουν,4.23
4732,φύγεισ,4.23
4733,χάνουμε,4.23
4734,χριστιανοί,4.23
4735,χρυσού,4.23
4736,χυμό,4.23
4737,χώροι,4.23
4738,ώσπου,4.23
4739,άλογα,4.22
4740,άμμο,4.22
4741,έκοψε,4.22
4742,έλενα,4.22
4743,ήπια,4.22
4744,αγαπάμε,4.22
4745,ακαδημίασ,4.22
4746,ακριβά,4.22
4747,αντικατάσταση,4.22
4748,απαραίτητη,4.22
4749,ασχοληθεί,4.22
4750,βέλγιο,4.22
4751,βγαίνεισ,4.22
4752,βιομηχανίασ,4.22
4753,βρίσκονταν,4.22
4754,βρίσκουμε,4.22
4755,γάτεσ,4.22
4756,γέλια,4.22
4757,γείτονεσ,4.22
4758,γεγονότων,4.22
4759,δέχθηκε,4.22
4760,δημοσιογράφουσ,4.22
4761,διάλεξε,4.22
4762,διάσημοσ,4.22
4763,διαδικασίασ,4.22
4764,δοκιμή,4.22
4765,δουλεύω,4.22
4766,ελληνικη,4.22
4767,ενόψει,4.22
4768,επιτέθηκαν,4.22
4769,ζώνεσ,4.22
4770,θαύματα,4.22
4771,ιδιαιτέρωσ,4.22
4772,ιδιοκτήτεσ,4.22
4773,ιησούσ,4.22
4774,κίνητρο,4.22
4775,καιρού,4.22
4776,καταλάβετε,4.22
4777,κεντρικά,4.22
4778,κιθάρα,4.22
4779,κοσ,4.22
4780,λέσχη,4.22
4781,λαχανικά,4.22
4782,λογικήσ,4.22
4783,μάθε,4.22
4784,μαθαίνει,4.22
4785,μείνουμε,4.22
4786,μελέτησ,4.22
4787,μεροσ,4.22
4788,μεσάνυχτα,4.22
4789,μετατροπή,4.22
4790,μισά,4.22
4791,μοναξιά,4.22
4792,νεολαίασ,4.22
4793,νομό,4.22
4794,ξένεσ,4.22
4795,πάγκο,4.22
4796,παε,4.22
4797,παρακολουθώ,4.22
4798,πεδία,4.22
4799,πληγέσ,4.22
4800,πουκάμισο,4.22
4801,πρακτικέσ,4.22
4802,προέλευσησ,4.22
4803,προκήρυξη,4.22
4804,προχωρήσει,4.22
4805,πρωταθλητήσ,4.22
4806,ροσ,4.22
4807,ρύζι,4.22
4808,σήματα,4.22
4809,σαφώσ,4.22
4810,σεισμόσ,4.22
4811,σκοτ,4.22
4812,συνδυασμόσ,4.22
4813,συνόρων,4.22
4814,συρίασ,4.22
4815,τζόουνσ,4.22
4816,τιμών,4.22
4817,τραγικό,4.22
4818,τροχιά,4.22
4819,υπαλλήλουσ,4.22
4820,υποχρέωση,4.22
4821,φαρμάκων,4.22
4822,φόντο,4.22
4823,χριστό,4.22
4824,ψέμματα,4.22
4825,ψηφιακή,4.22
4826,ωστε,4.22
4827,ὁ,4.22
4828,έβγαλα,4.21
4829,ένταξη,4.21
4830,αίθουσεσ,4.21
4831,ακτίνα,4.21
4832,αναπαραγωγήσ,4.21
4833,ανεργίασ,4.21
4834,αντίστοιχη,4.21
4835,αποελ,4.21
4836,αποτέλεσε,4.21
4837,αρνητικό,4.21
4838,αυτοκτονία,4.21
4839,αφήσεισ,4.21
4840,βαρέθηκα,4.21
4841,βιογραφικό,4.21
4842,γεν,4.21
4843,γεννιέται,4.21
4844,γυρίζει,4.21
4845,δείκτη,4.21
4846,δημιουργείται,4.21
4847,δημιούργησαν,4.21
4848,διάλογο,4.21
4849,διακρίσεισ,4.21
4850,διαμερίσματα,4.21
4851,δοκιμέσ,4.21
4852,δυνατόσ,4.21
4853,εγκαίνια,4.21
4854,εικόνασ,4.21
4855,ελλάσ,4.21
4856,ενδιαφέροντοσ,4.21
4857,ενεργό,4.21
4858,επιβεβαίωση,4.21
4859,επιδόσεισ,4.21
4860,επιχειρηματίασ,4.21
4861,εργασιών,4.21
4862,ετοιμάζεται,4.21
4863,ευρωπαϊκών,4.21
4864,ευχάριστη,4.21
4865,ηρθε,4.21
4866,θεσσαλία,4.21
4867,θρίλερ,4.21
4868,ιωάννου,4.21
4869,κάπνισμα,4.21
4870,κάποιων,4.21
4871,καθεστώτοσ,4.21
4872,καταγραφή,4.21
4873,καταθέσεισ,4.21
4874,καταπληκτικό,4.21
4875,κατοχήσ,4.21
4876,κυκλοφορήσει,4.21
4877,λαμία,4.21
4878,λόφο,4.21
4879,μήνυση,4.21
4880,μεσογείου,4.21
4881,μητροπολίτη,4.21
4882,μουνί,4.21
4883,ναυτικού,4.21
4884,νότιο,4.21
4885,ξάνθη,4.21
4886,ξεκινώντασ,4.21
4887,οίκου,4.21
4888,ονόματι,4.21
4889,οπου,4.21
4890,οφείλει,4.21
4891,πήγαινα,4.21
4892,πίνει,4.21
4893,παο,4.21
4894,παράγουν,4.21
4895,παραιτήθηκε,4.21
4896,παρακαλω,4.21
4897,πείνα,4.21
4898,πείραμα,4.21
4899,περάσαμε,4.21
4900,περνούν,4.21
4901,πληρωμή,4.21
4902,πληρώνω,4.21
4903,πολιτιστική,4.21
4904,προβλέπει,4.21
4905,προσωρινή,4.21
4906,πρώτον,4.21
4907,ρωσική,4.21
4908,σημειώθηκε,4.21
4909,σκέφτηκε,4.21
4910,σκέφτονται,4.21
4911,σταματάει,4.21
4912,σταν,4.21
4913,στε,4.21
4914,στραβά,4.21
4915,στρατιωτικών,4.21
4916,συμμετέχοντεσ,4.21
4917,συνήθεια,4.21
4918,τέξασ,4.21
4919,ταμεία,4.21
4920,τοισ,4.21
4921,τούρτα,4.21
4922,τούτο,4.21
4923,τρίτοσ,4.21
4924,τρώμε,4.21
4925,τόνο,4.21
4926,φάσεισ,4.21
4927,φρόντισε,4.21
4928,χαμένη,4.21
4929,χαν,4.21
4930,χρήσεισ,4.21
4931,όραμα,4.21
4932,έλαβαν,4.20
4933,έπιασα,4.20
4934,έρχεσαι,4.20
4935,έστειλα,4.20
4936,ήτανε,4.20
4937,αεροπλάνα,4.20
4938,ακτινοβολία,4.20
4939,αληθεια,4.20
4940,απθ,4.20
4941,αποδείξει,4.20
4942,αποστολέσ,4.20
4943,αφαίρεση,4.20
4944,αφροδίτη,4.20
4945,βροχέσ,4.20
4946,γέννηση,4.20
4947,γινει,4.20
4948,γράφουν,4.20
4949,διάσταση,4.20
4950,διαμόρφωση,4.20
4951,διεθνών,4.20
4952,δωματίου,4.20
4953,δώσετε,4.20
4954,εθνικόσ,4.20
4955,εκανε,4.20
4956,ελαφρά,4.20
4957,εμπόδιο,4.20
4958,ενεργά,4.20
4959,εννοεί,4.20
4960,εξαφάνιση,4.20
4961,εξαφανιστεί,4.20
4962,εξωτερικά,4.20
4963,επανάστασησ,4.20
4964,επιστημονικήσ,4.20
4965,επιτρέπουν,4.20
4966,ετήσιο,4.20
4967,ευχέσ,4.20
4968,εφ,4.20
4969,ζώνησ,4.20
4970,ηθικό,4.20
4971,ηρακλή,4.20
4972,θέματοσ,4.20
4973,θεούσ,4.20
4974,θετικέσ,4.20
4975,θεωρίεσ,4.20
4976,ιδεολογία,4.20
4977,ιδιοκτήτη,4.20
4978,ιδιωτικά,4.20
4979,καλείται,4.20
4980,καλύψει,4.20
4981,κινούνται,4.20
4982,λογισμικού,4.20
4983,μακρύ,4.20
4984,μαξ,4.20
4985,μετέφερε,4.20
4986,μνημόνια,4.20
4987,μουσικά,4.20
4988,μπεισ,4.20
4989,νομοθεσία,4.20
4990,ξεκίνημα,4.20
4991,ξεκίνησα,4.20
4992,ξύπνησα,4.20
4993,οδηγούσε,4.20
4994,οστά,4.20
4995,παικτών,4.20
4996,παραδόσεισ,4.20
4997,παραιτηθεί,4.20
4998,παρατηρήσεισ,4.20
4999,παω,4.20
5000,περιοδικού,4.20
5001,πρεσβεία,4.20
5002,πρόστιμο,4.20
5003,πόρουσ,4.20
5004,πόσουσ,4.20
5005,πύλεσ,4.20
5006,ρήξη,4.20
5007,ρυθμούσ,4.20
5008,σαμαράσ,4.20
5009,σημειώνεται,4.20
5010,σκάλα,4.20
5011,σκηνοθέτησ,4.20
5012,σκόπια,4.20
5013,σπάνιο,4.20
5014,συγκεντρώσεισ,4.20
5015,συντήρηση,4.20
5016,σύγχρονεσ,4.20
5017,τά,4.20
5018,τέρασ,4.20
5019,ταξιδεύει,4.20
5020,τελευταίουσ,4.20
5021,τελευταίων,4.20
5022,τελοσ,4.20
5023,υφυπουργόσ,4.20
5024,φανταστικό,4.20
5025,φιλμ,4.20
5026,φυσικέσ,4.20
5027,χάνουν,4.20
5028,χάρτεσ,4.20
5029,ωκεανό,4.20
5030,ότου,4.20
5031,έφαγα,4.19
5032,έφυγα,4.19
5033,ήξεραν,4.19
5034,αγγλίασ,4.19
5035,αλήθειασ,4.19
5036,αμαρτία,4.19
5037,αμερικανικό,4.19
5038,ανανέωση,4.19
5039,ανησυχεί,4.19
5040,απ'τον,4.19
5041,αποχρώσεισ,4.19
5042,απόκτηση,4.19
5043,απόλλων,4.19
5044,αρσενικό,4.19
5045,αρχαίο,4.19
5046,αυξήθηκε,4.19
5047,αυτοπεποίθηση,4.19
5048,βαθμού,4.19
5049,βοηθήσουμε,4.19
5050,γραμματεία,4.19
5051,δάχτυλο,4.19
5052,δίνετε,4.19
5053,δίωξη,4.19
5054,διά,4.19
5055,δρα,4.19
5056,εκπαιδευτικών,4.19
5057,ελικόπτερο,4.19
5058,εμφάνισή,4.19
5059,ενήλικεσ,4.19
5060,εξασφαλίσει,4.19
5061,εξηγήσει,4.19
5062,εξώφυλλο,4.19
5063,επίδομα,4.19
5064,επανάληψη,4.19
5065,ερωτευμένοσ,4.19
5066,θέαμα,4.19
5067,θέλατε,4.19
5068,θέληση,4.19
5069,θεατέσ,4.19
5070,ιδανικό,4.19
5071,ινστιτούτου,4.19
5072,ισχυρίζεται,4.19
5073,κάτσω,4.19
5074,καταλάβουμε,4.19
5075,καταλήξει,4.19
5076,κλαίει,4.19
5077,κορυφήσ,4.19
5078,κρατάμε,4.19
5079,κυπριακήσ,4.19
5080,κω,4.19
5081,λάμψη,4.19
5082,λείπεισ,4.19
5083,λεωφόρο,4.19
5084,μάζα,4.19
5085,μασάζ,4.19
5086,μικρούσ,4.19
5087,μιλούσε,4.19
5088,μπομπ,4.19
5089,νικήσει,4.19
5090,ξέσπασε,4.19
5091,ξέχασε,4.19
5092,ξυπνήσει,4.19
5093,ολοκληρωμένη,4.19
5094,ορισμένων,4.19
5095,πάλη,4.19
5096,πάτο,4.19
5097,παίρνετε,4.19
5098,παραμύθια,4.19
5099,περασμένη,4.19
5100,πηγαίνω,4.19
5101,πιει,4.19
5102,πιτ,4.19
5103,πλάτοσ,4.19
5104,πλοίου,4.19
5105,πραγματικόσ,4.19
5106,προεδρία,4.19
5107,πρωταθλητέσ,4.19
5108,σαββάτου,4.19
5109,σεμινάριο,4.19
5110,σμύρνησ,4.19
5111,στρατιωτικό,4.19
5112,στρώμα,4.19
5113,συμπεριλαμβανομένου,4.19
5114,συνάρτηση,4.19
5115,συναυλίεσ,4.19
5116,συνεχίστε,4.19
5117,σύμβολα,4.19
5118,τετράγωνο,4.19
5119,τζόνσον,4.19
5120,υποθέσεων,4.19
5121,υποσχέσεισ,4.19
5122,φτώχεια,4.19
5123,φύλο,4.19
5124,χάθηκαν,4.19
5125,χάλασε,4.19
5126,χάνω,4.19
5127,χρήσιμο,4.19
5128,χρησιμοποιηθούν,4.19
5129,χρώματοσ,4.19
5130,άφησα,4.18
5131,έδειξαν,4.18
5132,έντονεσ,4.18
5133,έξτρα,4.18
5134,ήπειρο,4.18
5135,ίδιουσ,4.18
5136,αμοιβή,4.18
5137,ανάδειξη,4.18
5138,ανάποδα,4.18
5139,ανέβει,4.18
5140,αναστολή,4.18
5141,αξιολόγησησ,4.18
5142,απαντήσω,4.18
5143,αρχαίασ,4.18
5144,αυξάνει,4.18
5145,αυτοδιοίκηση,4.18
5146,βλέπε,4.18
5147,βοηθούν,4.18
5148,γνωστοί,4.18
5149,γραφήσ,4.18
5150,γυμνασίου,4.18
5151,δασκάλα,4.18
5152,δημάρχου,4.18
5153,δικοί,4.18
5154,δυστύχημα,4.18
5155,ειπε,4.18
5156,εκπλήξεισ,4.18
5157,επιθυμίεσ,4.18
5158,ευρωπαίοι,4.18
5159,θεσσαλονικη,4.18
5160,ιδιοκτησίασ,4.18
5161,ιούλιοσ,4.18
5162,ιταλική,4.18
5163,καίει,4.18
5164,καθιστά,4.18
5165,καλούσ,4.18
5166,καταγγελίεσ,4.18
5167,καταλάβατε,4.18
5168,καταλαβαίνετε,4.18
5169,καταστρέψει,4.18
5170,καταφέρνει,4.18
5171,κλήση,4.18
5172,κληρονομιάσ,4.18
5173,κοιμάμαι,4.18
5174,κορμί,4.18
5175,λιγάκι,4.18
5176,μέγα,4.18
5177,μίλα,4.18
5178,μαζικήσ,4.18
5179,μακιγιάζ,4.18
5180,μαλάκεσ,4.18
5181,μείνεισ,4.18
5182,μετακίνηση,4.18
5183,μεταρρύθμιση,4.18
5184,μεταφέρουν,4.18
5185,μεταφορών,4.18
5186,μισέλ,4.18
5187,μουσεία,4.18
5188,μπαίνεισ,4.18
5189,νεκροταφείο,4.18
5190,νιώθουν,4.18
5191,ξεπέρασε,4.18
5192,ξεφύγει,4.18
5193,πάγο,4.18
5194,παγκόσμιοσ,4.18
5195,παει,4.18
5196,παράδοσησ,4.18
5197,παρακολουθούν,4.18
5198,παρατήρηση,4.18
5199,περιφερειακό,4.18
5200,πιλότοσ,4.18
5201,πλυντήριο,4.18
5202,προσπαθήσει,4.18
5203,σεπτέμβριοσ,4.18
5204,σκηνήσ,4.18
5205,σκότωσαν,4.18
5206,στέλιοσ,4.18
5207,στείλτε,4.18
5208,συγκέντρωσησ,4.18
5209,συνεχείσ,4.18
5210,σφαγή,4.18
5211,τίμημα,4.18
5212,ταιριάζουν,4.18
5213,τελείωσαν,4.18
5214,τρείσ,4.18
5215,τρελόσ,4.18
5216,τυχερή,4.18
5217,τόπουσ,4.18
5218,υπάρξουν,4.18
5219,φαντασίασ,4.18
5220,φοιτητών,4.18
5221,όποιο,4.18
5222,ύφεση,4.18
5223,άγνωστη,4.17
5224,άλλησ,4.17
5225,άσχημη,4.17
5226,ένιωσα,4.17
5227,έσωσε,4.17
5228,ήξερεσ,4.17
5229,αγγελική,4.17
5230,αγωνίζεται,4.17
5231,αδύνατον,4.17
5232,αελ,4.17
5233,ακτέσ,4.17
5234,ανεξαρτησία,4.17
5235,αντιμετωπίζει,4.17
5236,αποθήκη,4.17
5237,αργεντινή,4.17
5238,αρχαίων,4.17
5239,ασφαλήσ,4.17
5240,ατομική,4.17
5241,ατομικό,4.17
5242,αυγό,4.17
5243,αφου,4.17
5244,βγάλε,4.17
5245,βγήκα,4.17
5246,γέλιο,4.17
5247,γαμώτο,4.17
5248,γεμάτα,4.17
5249,γιατρούσ,4.17
5250,γνωριμία,4.17
5251,γυναικα,4.17
5252,δήμαρχο,4.17
5253,δείξω,4.17
5254,δεύτερησ,4.17
5255,διάσωσησ,4.17
5256,διακυβέρνησησ,4.17
5257,διαλέξεισ,4.17
5258,διαπραγμάτευση,4.17
5259,διαφημίσεισ,4.17
5260,διοργάνωσησ,4.17
5261,δυσκολία,4.17
5262,εκατοστά,4.17
5263,εκμετάλλευση,4.17
5264,ελληνισμού,4.17
5265,ελπίζουμε,4.17
5266,ενώπιον,4.17
5267,εξήγηση,4.17
5268,επεξεργασίασ,4.17
5269,εταιρειών,4.17
5270,ευρωζώνη,4.17
5271,ευρύ,4.17
5272,εφαρμογήσ,4.17
5273,ζωγραφικήσ,4.17
5274,ηλείασ,4.17
5275,θεμάτων,4.17
5276,ιατρικό,4.17
5277,ιό,4.17
5278,καρκίνοσ,4.17
5279,κατάλογοσ,4.17
5280,κατάταξη,4.17
5281,κοιλάδα,4.17
5282,κοινότητεσ,4.17
5283,κυβερνητική,4.17
5284,κωνσταντίνο,4.17
5285,λε,4.17
5286,μάρτυρασ,4.17
5287,μαζική,4.17
5288,μαρί,4.17
5289,μαρτυρίεσ,4.17
5290,μειωθεί,4.17
5291,μειώνει,4.17
5292,μενα,4.17
5293,μερίδιο,4.17
5294,μηχανικών,4.17
5295,μπισκότα,4.17
5296,μόσχασ,4.17
5297,ντουλάπα,4.17
5298,ξεκάθαρο,4.17
5299,ξεπερνά,4.17
5300,ξημερώματα,4.17
5301,οίκοσ,4.17
5302,οξυγόνο,4.17
5303,πάρκινγκ,4.17
5304,παράνομα,4.17
5305,περνάνε,4.17
5306,πληθυσμόσ,4.17
5307,πνεύματοσ,4.17
5308,ποιήματα,4.17
5309,πορτοκαλί,4.17
5310,πούτιν,4.17
5311,πράμα,4.17
5312,προπαγάνδα,4.17
5313,προϋποθέσεισ,4.17
5314,ρέθυμνο,4.17
5315,σενα,4.17
5316,σημαντικότερο,4.17
5317,συντάξεων,4.17
5318,σφαίρεσ,4.17
5319,σωστόσ,4.17
5320,ταν,4.17
5321,τεχνικά,4.17
5322,υποβολή,4.17
5323,φάνε,4.17
5324,φάσησ,4.17
5325,φανταστείτε,4.17
5326,φορούσε,4.17
5327,φροντίζει,4.17
5328,φυσιολογικό,4.17
5329,φόροσ,4.17
5330,χάρηκα,4.17
5331,χάσουμε,4.17
5332,χρήστου,4.17
5333,ψήφο,4.17
5334,όφελοσ,4.17
5335,ύπαρξησ,4.17
5336,άγαλμα,4.16
5337,άλλωσ,4.16
5338,άφιξη,4.16
5339,αα,4.16
5340,αναφερθεί,4.16
5341,ανοίξω,4.16
5342,ανοικτό,4.16
5343,αρνητική,4.16
5344,αυτοκρατορίασ,4.16
5345,αφήνετε,4.16
5346,αφήσουν,4.16
5347,βαλίτσα,4.16
5348,βγάλτε,4.16
5349,βλακεία,4.16
5350,βράδια,4.16
5351,γάλλοσ,4.16
5352,γεμίσει,4.16
5353,γύρνα,4.16
5354,δάση,4.16
5355,δεκαπέντε,4.16
5356,δευτέρασ,4.16
5357,δημοσιεύτηκε,4.16
5358,δημοφιλή,4.16
5359,διαθήκη,4.16
5360,διαταγέσ,4.16
5361,διοικητικού,4.16
5362,εθνών,4.16
5363,εκάστοτε,4.16
5364,εκτιμάται,4.16
5365,ενιαίο,4.16
5366,εξόδου,4.16
5367,επαγγελματικά,4.16
5368,επο,4.16
5369,εργαστήρια,4.16
5370,ερχεται,4.16
5371,ευτυχισμένη,4.16
5372,εύα,4.16
5373,ζητάμε,4.16
5374,θεοτόκου,4.16
5375,θεόδωροσ,4.16
5376,θρόνο,4.16
5377,ιβάν,4.16
5378,ιερέασ,4.16
5379,ιστορικού,4.16
5380,κακέσ,4.16
5381,καρδίτσασ,4.16
5382,καρδιακή,4.16
5383,κατάρα,4.16
5384,καυτό,4.16
5385,κειμένου,4.16
5386,κιλκίσ,4.16
5387,κλασική,4.16
5388,κλείσουν,4.16
5389,κοιτάζω,4.16
5390,κοπέλεσ,4.16
5391,κυρά,4.16
5392,λεπτομέρεια,4.16
5393,ληστεία,4.16
5394,μενού,4.16
5395,μπαλκόνι,4.16
5396,νικ,4.16
5397,ξενοδοχεία,4.16
5398,ολουσ,4.16
5399,ομόνοια,4.16
5400,παλαιότερα,4.16
5401,παράξενο,4.16
5402,παρατηρείται,4.16
5403,πεθαίνουν,4.16
5404,περ,4.16
5405,περιλαμβάνεται,4.16
5406,περιφέρειεσ,4.16
5407,περνάω,4.16
5408,πιούμε,4.16
5409,πλήρωσε,4.16
5410,πλανήτησ,4.16
5411,πολύτιμο,4.16
5412,πουλάει,4.16
5413,πούλησε,4.16
5414,πραγματοποιηθεί,4.16
5415,προγραμμάτων,4.16
5416,προσπαθούσε,4.16
5417,πρωταγωνιστέσ,4.16
5418,σαφέσ,4.16
5419,σερβία,4.16
5420,στέλνουν,4.16
5421,σταματήσω,4.16
5422,σταυρού,4.16
5423,συμπεριφορέσ,4.16
5424,συνεργάτη,4.16
5425,σύγχρονα,4.16
5426,τείχοσ,4.16
5427,τρίτου,4.16
5428,τρελά,4.16
5429,τρύπεσ,4.16
5430,φιλοξενεί,4.16
5431,φοβερό,4.16
5432,φτιάξεισ,4.16
5433,φτιάχνω,4.16
5434,χαμένο,4.16
5435,χαρακτηρίζει,4.16
5436,χειρουργική,4.16
5437,χρημάτων,4.16
5438,όνειρά,4.16
5439,ύπνοσ,4.16
5440,άλλαξαν,4.15
5441,άντζελεσ,4.15
5442,έβλεπε,4.15
5443,έθεσε,4.15
5444,έλειπε,4.15
5445,αδιέξοδο,4.15
5446,αισθήσεισ,4.15
5447,ακούσουμε,4.15
5448,αναβάθμιση,4.15
5449,αναγνωρίζει,4.15
5450,απ'τη,4.15
5451,απειλεί,4.15
5452,αστέρων,4.15
5453,αυστρία,4.15
5454,αυτοκράτορα,4.15
5455,αυτοκτονίασ,4.15
5456,βαλκάνια,4.15
5457,γεννηθεί,4.15
5458,γεωργίασ,4.15
5459,γκέι,4.15
5460,γνωρίζοντασ,4.15
5461,δίσκοσ,4.15
5462,δανειστέσ,4.15
5463,δημ,4.15
5464,δημοτικά,4.15
5465,δημοφιλήσ,4.15
5466,διέταξε,4.15
5467,διαστήματα,4.15
5468,διαταραχέσ,4.15
5469,ελάχιστο,4.15
5470,επιθυμεί,4.15
5471,επιστημονικά,4.15
5472,επιστημονικό,4.15
5473,επιχείρημα,4.15
5474,επιχειρήματα,4.15
5475,επιχειρηματίεσ,4.15
5476,ευρεία,4.15
5477,ευρω,4.15
5478,εύροσ,4.15
5479,ζήτησα,4.15
5480,θερμίδεσ,4.15
5481,θεωρητικά,4.15
5482,καζίνο,4.15
5483,καλάθι,4.15
5484,καμια,4.15
5485,κεφάλαια,4.15
5486,κεφάλια,4.15
5487,κλείσε,4.15
5488,κρατήσουν,4.15
5489,κυττάρων,4.15
5490,λίβερπουλ,4.15
5491,λαμίασ,4.15
5492,λαών,4.15
5493,λεμεσού,4.15
5494,μαγαζιά,4.15
5495,μαθαίνω,4.15
5496,μακ,4.15
5497,μαν,4.15
5498,μανώλησ,4.15
5499,μαύροσ,4.15
5500,μεγαλώσει,4.15
5501,μηχανήσ,4.15
5502,μοντέλου,4.15
5503,ξένο,4.15
5504,ονομα,4.15
5505,πέσουν,4.15
5506,πανέμορφο,4.15
5507,παρέμεινε,4.15
5508,περάσω,4.15
5509,περιοδεία,4.15
5510,πιάσε,4.15
5511,ποιοί,4.15
5512,προκαλώντασ,4.15
5513,προφανέσ,4.15
5514,πρόσφατεσ,4.15
5515,πύργοσ,4.15
5516,ρίζα,4.15
5517,ρουμανία,4.15
5518,σίτι,4.15
5519,σκεφτώ,4.15
5520,σοβαρόσ,4.15
5521,στίχοι,4.15
5522,στρατηγό,4.15
5523,συνδέει,4.15
5524,συνηθισμένο,4.15
5525,συνόδου,4.15
5526,σχετικέσ,4.15
5527,σωματεία,4.15
5528,τήν,4.15
5529,ταινιών,4.15
5530,τελευταίασ,4.15
5531,τρίκαλα,4.15
5532,τόνι,4.15
5533,υποχρεωτική,4.15
5534,υπόθεσησ,4.15
5535,φέρτε,4.15
5536,φοιτητήσ,4.15
5537,φρέσκο,4.15
5538,φωτιάσ,4.15
5539,φόρα,4.15
5540,χαμηλέσ,4.15
5541,χαρακτήρισε,4.15
5542,χημικών,4.15
5543,χιλιομέτρων,4.15
5544,χιόνι,4.15
5545,χριστουγέννων,4.15
5546,ωραίεσ,4.15
5547,άρση,4.14
5548,άσυλο,4.14
5549,έληξε,4.14
5550,αίτια,4.14
5551,αθλητική,4.14
5552,ακούσεισ,4.14
5553,ακόλουθα,4.14
5554,αναπτύξει,4.14
5555,αναπτύσσεται,4.14
5556,ανθρώπινεσ,4.14
5557,ανοικτά,4.14
5558,αντιπροσωπεύει,4.14
5559,απαιτούν,4.14
5560,απλόσ,4.14
5561,απολαύστε,4.14
5562,αποχώρησε,4.14
5563,αστέρασ,4.14
5564,αστυνομικών,4.14
5565,γέννησε,4.14
5566,γερμανικήσ,4.14
5567,γνωστούσ,4.14
5568,γουστάρω,4.14
5569,γυαλί,4.14
5570,δία,4.14
5571,δεύτερον,4.14
5572,δημοσιότητα,4.14
5573,διάλογοσ,4.14
5574,διαδηλωτέσ,4.14
5575,διατάξεισ,4.14
5576,διατροφήσ,4.14
5577,διαφθορά,4.14
5578,διαφορετικών,4.14
5579,διεξάγεται,4.14
5580,δικαστική,4.14
5581,δολοφόνο,4.14
5582,εγκαταλείψει,4.14
5583,εκδηλώσεων,4.14
5584,εκπληκτική,4.14
5585,ενδεχομένωσ,4.14
5586,εντ,4.14
5587,επειδη,4.14
5588,επικαιρότητα,4.14
5589,επικρατείασ,4.14
5590,επιστρέφουν,4.14
5591,επιχειρηματία,4.14
5592,ερωτήματα,4.14
5593,εχθρό,4.14
5594,ζητώντασ,4.14
5595,θεσμόσ,4.14
5596,θεωρηθεί,4.14
5597,θυμήθηκα,4.14
5598,κέρκυρασ,4.14
5599,καποιοσ,4.14
5600,κατάλληλα,4.14
5601,κατέστρεψε,4.14
5602,καταστράφηκε,4.14
5603,κατοικίασ,4.14
5604,κιλό,4.14
5605,κινηματογράφο,4.14
5606,κλήσεισ,4.14
5607,κλείσω,4.14
5608,κορυφαίο,4.14
5609,κρατούσε,4.14
5610,λογαριασμόσ,4.14
5611,μάικ,4.14
5612,μάντσεστερ,4.14
5613,μάρκετ,4.14
5614,μείγμα,4.14
5615,μεσημεριανό,4.14
5616,μεσσηνίασ,4.14
5617,μεταφέρθηκε,4.14
5618,μηχανισμό,4.14
5619,μισθούσ,4.14
5620,μμ,4.14
5621,μονακό,4.14
5622,μπορούσεσ,4.14
5623,νεο,4.14
5624,οδηγοί,4.14
5625,ολυμπιακών,4.14
5626,ον,4.14
5627,ορχήστρα,4.14
5628,οφη,4.14
5629,πάγου,4.14
5630,πέρασ,4.14
5631,πίστα,4.14
5632,παράγεται,4.14
5633,παράνομο,4.14
5634,παραβίαση,4.14
5635,παραλίγο,4.14
5636,παρουσιάζονται,4.14
5637,πεθάνουμε,4.14
5638,περίεργη,4.14
5639,περιουσίασ,4.14
5640,πετάξω,4.14
5641,πιστόσ,4.14
5642,πολιτιστικήσ,4.14
5643,ποσο,4.14
5644,πουτάνα,4.14
5645,προσωπικότητεσ,4.14
5646,προϋπόθεση,4.14
5647,πτήσησ,4.14
5648,ρομπότ,4.14
5649,σπούδασε,4.14
5650,σταματά,4.14
5651,συμμορία,4.14
5652,συνεχίζονται,4.14
5653,συνηθίσει,4.14
5654,σωλήνα,4.14
5655,σύγχυση,4.14
5656,σύννεφα,4.14
5657,τέχνεσ,4.14
5658,τελειώνουμε,4.14
5659,τζάκι,4.14
5660,τρίχεσ,4.14
5661,τόν,4.14
5662,υπεράσπιση,4.14
5663,φίλου,4.14
5664,φίλτρο,4.14
5665,φιλαράκι,4.14
5666,φλώρινασ,4.14
5667,φορέα,4.14
5668,φτιάχνουν,4.14
5669,φυτών,4.14
5670,χαλάσει,4.14
5671,χαράσ,4.14
5672,χρ,4.14
5673,ψυχική,4.14
5674,άνεμοσ,4.13
5675,άρνηση,4.13
5676,έκλεψε,4.13
5677,έκτακτη,4.13
5678,αγγλική,4.13
5679,αθλητισμό,4.13
5680,αιώνια,4.13
5681,ακίνητα,4.13
5682,ακριβό,4.13
5683,ανακαλύψει,4.13
5684,ανακοινώσεισ,4.13
5685,αναπτυχθεί,4.13
5686,αναστασία,4.13
5687,ανοίγουν,4.13
5688,ανοίξουν,4.13
5689,αντέχει,4.13
5690,αντίγραφα,4.13
5691,αντιπαράθεση,4.13
5692,αποδεικνύει,4.13
5693,αποδειχθεί,4.13
5694,αποτελεσματική,4.13
5695,αποτελούσε,4.13
5696,αυξηθεί,4.13
5697,αφγανιστάν,4.13
5698,βαρύτητα,4.13
5699,βερολίνου,4.13
5700,γνώσησ,4.13
5701,γωνιά,4.13
5702,δέσμευση,4.13
5703,δευτερόλεπτο,4.13
5704,δημοκρατικό,4.13
5705,διάσημη,4.13
5706,διαβάσεισ,4.13
5707,διοικητικήσ,4.13
5708,δραστηριοτήτων,4.13
5709,δραστηριότητασ,4.13
5710,δρομολόγια,4.13
5711,δωρεά,4.13
5712,εαυτούσ,4.13
5713,εδάφη,4.13
5714,εμφανίζει,4.13
5715,ενημερώσει,4.13
5716,εξαφανίστηκε,4.13
5717,επισήμωσ,4.13
5718,επισκέψεισ,4.13
5719,ερχόταν,4.13
5720,ετησίωσ,4.13
5721,εφημερίδων,4.13
5722,εφιάλτησ,4.13
5723,ζήσουν,4.13
5724,ηλεκτρονικά,4.13
5725,ησουν,4.13
5726,θελει,4.13
5727,ισπανίασ,4.13
5728,ιστορικήσ,4.13
5729,κάλεσμα,4.13
5730,κάρλοσ,4.13
5731,κέρδοσ,4.13
5732,καθοδήγηση,4.13
5733,κανουμε,4.13
5734,κλάδου,4.13
5735,κοιτάει,4.13
5736,κοιτάω,4.13
5737,κομμουνιστέσ,4.13
5738,κούρεμα,4.13
5739,κυβερνητικό,4.13
5740,λευκάδασ,4.13
5741,λύσει,4.13
5742,μέρασ,4.13
5743,μεσολογγίου,4.13
5744,μετρήσεισ,4.13
5745,μητρώο,4.13
5746,μπράουν,4.13
5747,νομικήσ,4.13
5748,ντουσ,4.13
5749,ξέρατε,4.13
5750,οαεδ,4.13
5751,ονόματοσ,4.13
5752,οροφή,4.13
5753,πάθη,4.13
5754,πίστησ,4.13
5755,παιδι,4.13
5756,παλαιά,4.13
5757,παράταξη,4.13
5758,παρούσα,4.13
5759,παύλο,4.13
5760,πείνασ,4.13
5761,πεδίου,4.13
5762,περιγράφεται,4.13
5763,περιμένοντασ,4.13
5764,περιπέτειεσ,4.13
5765,προοπτική,4.13
5766,πρόληψη,4.13
5767,πρόσβασησ,4.13
5768,πόρτο,4.13
5769,ρίξω,4.13
5770,ρωσικό,4.13
5771,ρωτήσει,4.13
5772,σι,4.13
5773,σκάφουσ,4.13
5774,συνδέσμου,4.13
5775,συνοδεία,4.13
5776,σύμπαντοσ,4.13
5777,τακτικά,4.13
5778,τρέξιμο,4.13
5779,τρόμου,4.13
5780,τυπικά,4.13
5781,υψηλού,4.13
5782,υψηλότερο,4.13
5783,φαγητά,4.13
5784,φτιάξουμε,4.13
5785,φυλήσ,4.13
5786,χίο,4.13
5787,χαλί,4.13
5788,χρησιμοποιήθηκε,4.13
5789,ψήφισαν,4.13
5790,άδειο,4.12
5791,άν,4.12
5792,άξιζε,4.12
5793,άουτ,4.12
5794,έδιναν,4.12
5795,έλλειψησ,4.12
5796,ήσυχο,4.12
5797,αληθινόσ,4.12
5798,αμαρτίεσ,4.12
5799,ανήκε,4.12
5800,αντικειμένων,4.12
5801,απλέσ,4.12
5802,απόφασή,4.12
5803,ασπίδα,4.12
5804,αστικό,4.12
5805,αυστηρά,4.12
5806,βγείτε,4.12
5807,βιβλιοθήκησ,4.12
5808,βράχο,4.12
5809,βόμβεσ,4.12
5810,γράψεισ,4.12
5811,γραμμένο,4.12
5812,δείκτησ,4.12
5813,δείχνεισ,4.12
5814,δημοσιεύθηκε,4.12
5815,διαφέρει,4.12
5816,δοκιμασία,4.12
5817,ελαφρώσ,4.12
5818,ελεύθερησ,4.12
5819,εμεισ,4.12
5820,εμπιστοσύνησ,4.12
5821,ενόπλων,4.12
5822,επίτευξη,4.12
5823,επηρεάσει,4.12
5824,επιβεβαίωσε,4.12
5825,επιλέξει,4.12
5826,επιμέρουσ,4.12
5827,επισκέφθηκε,4.12
5828,επωνυμία,4.12
5829,εσωτερικέσ,4.12
5830,εσώρουχα,4.12
5831,εφήβων,4.12
5832,εφτά,4.12
5833,ζεστή,4.12
5834,θεοί,4.12
5835,θεραπείασ,4.12
5836,ιδανική,4.12
5837,ιστορικόσ,4.12
5838,ισχυρέσ,4.12
5839,ιόσ,4.12
5840,καλοσύνη,4.12
5841,καταλαβαίνουν,4.12
5842,καύσιμα,4.12
5843,κρατάνε,4.12
5844,κυρώσεισ,4.12
5845,λεωφορεία,4.12
5846,λογοτεχνίασ,4.12
5847,λυκείου,4.12
5848,μήνασ,4.12
5849,μαθαίνουν,4.12
5850,μειώνεται,4.12
5851,μεταφορέσ,4.12
5852,μηχανισμόσ,4.12
5853,μπράιαν,4.12
5854,μπραντ,4.12
5855,μωρού,4.12
5856,ναύπλιο,4.12
5857,ντ,4.12
5858,ξένα,4.12
5859,ξανθιά,4.12
5860,ξενοδοχείου,4.12
5861,ομπάμα,4.12
5862,οτε,4.12
5863,ουάσιγκτον,4.12
5864,παγίδα,4.12
5865,παιδάκι,4.12
5866,παλι,4.12
5867,παλιότερα,4.12
5868,πειράματα,4.12
5869,περιορισμένη,4.12
5870,περιστέρι,4.12
5871,περνούσε,4.12
5872,πετάσ,4.12
5873,ποιητή,4.12
5874,πολυτεχνείο,4.12
5875,πράσινη,4.12
5876,πραγματοποιήθηκαν,4.12
5877,πραγματοποιήσει,4.12
5878,προορισμόσ,4.12
5879,προσδοκίεσ,4.12
5880,προσωπικέσ,4.12
5881,προσώπων,4.12
5882,πρόβλεψη,4.12
5883,πτέρυγα,4.12
5884,πυρετό,4.12
5885,ρώτα,4.12
5886,σπάει,4.12
5887,στηρίζεται,4.12
5888,στρατιωτικέσ,4.12
5889,συνεδρίου,4.12
5890,συνεχίσω,4.12
5891,συνεχιστεί,4.12
5892,συνθηκών,4.12
5893,συντελεστέσ,4.12
5894,σχεδιάζει,4.12
5895,τει,4.12
5896,τελικού,4.12
5897,τζ,4.12
5898,τζο,4.12
5899,τουρκικέσ,4.12
5900,τραγουδιού,4.12
5901,τρομοκράτεσ,4.12
5902,τσάντεσ,4.12
5903,υγρά,4.12
5904,υπο,4.12
5905,φιλιά,4.12
5906,φυσιολογική,4.12
5907,φωλιά,4.12
5908,χημεία,4.12
5909,χρησιμοποιούμε,4.12
5910,χρυσά,4.12
5911,όγκοσ,4.12
5912,όλγα,4.12
5913,όρων,4.12
5914,ύλησ,4.12
5915,ἡ,4.12
5916,άγριο,4.11
5917,άκρο,4.11
5918,έδειχνε,4.11
5919,έρημο,4.11
5920,αγαπημένοσ,4.11
5921,αθλητήσ,4.11
5922,ακολούθωσ,4.11
5923,ακριβήσ,4.11
5924,αναπαραγωγή,4.11
5925,αναπνοή,4.11
5926,ανθρωπίνων,4.11
5927,αντίθετη,4.11
5928,απέτυχε,4.11
5929,απίθανο,4.11
5930,απογοήτευση,4.11
5931,αποδείχθηκε,4.11
5932,αρχη,4.11
5933,αυτοι,4.11
5934,αυτον,4.11
5935,βαθμόσ,4.11
5936,βασίζονται,4.11
5937,βρετανική,4.11
5938,γερμανών,4.11
5939,γιορτέσ,4.11
5940,γυμναστική,4.11
5941,δήμοι,4.11
5942,δημαρχείο,4.11
5943,διάλειμμα,4.11
5944,διάσωση,4.11
5945,διακόσμηση,4.11
5946,διώξεισ,4.11
5947,εγγραφή,4.11
5948,εγκρίθηκε,4.11
5949,εκείνησ,4.11
5950,ελάχιστη,4.11
5951,εμπλοκή,4.11
5952,εμφύλιο,4.11
5953,ενημέρωσε,4.11
5954,ενισχύσεισ,4.11
5955,ενώσεισ,4.11
5956,εξίσωση,4.11
5957,εξακολουθούν,4.11
5958,εξετάζει,4.11
5959,επιτρέψει,4.11
5960,εχθέσ,4.11
5961,εύβοια,4.11
5962,ζητήσω,4.11
5963,ζητούσε,4.11
5964,ζόρι,4.11
5965,θέτει,4.11
5966,ιδού,4.11
5967,ικα,4.11
5968,ισχύουν,4.11
5969,καίγεται,4.11
5970,καθημερινότητα,4.11
5971,καλλιτέχνη,4.11
5972,καλύπτουν,4.11
5973,κανε,4.11
5974,καριέρασ,4.11
5975,καταδίκη,4.11
5976,καταπολέμηση,4.11
5977,κενά,4.11
5978,κεντρο,4.11
5979,κλασικό,4.11
5980,κοινοτήτων,4.11
5981,κρύα,4.11
5982,κυριαρχίασ,4.11
5983,λίποσ,4.11
5984,λίρεσ,4.11
5985,μάρκο,4.11
5986,μήλο,4.11
5987,μεγάλε,4.11
5988,μελετών,4.11
5989,μεταβολή,4.11
5990,μπαίνω,4.11
5991,μπρουσ,4.11
5992,μυτιλήνη,4.11
5993,νησιών,4.11
5994,νιώθετε,4.11
5995,νοημοσύνη,4.11
5996,νόμοι,4.11
5997,πάτερ,4.11
5998,παιχνιδιών,4.11
5999,πανιώνιοσ,4.11
6000,παρκ,4.11
6001,περικοπέσ,4.11
6002,περιμέναμε,4.11
6003,πλανήτεσ,4.11
6004,πλοίων,4.11
6005,ποδοσφαιριστήσ,4.11
6006,ποσά,4.11
6007,πούτσο,4.11
6008,πράσινα,4.11
6009,πρέβεζασ,4.11
6010,πραγματα,4.11
6011,πρόσληψη,4.11
6012,πυρκαγιέσ,4.11
6013,ρομαντικό,4.11
6014,ρυθμόσ,4.11
6015,σήκωσε,4.11
6016,σεπτέμβρη,4.11
6017,σημερινά,4.11
6018,σκάσει,4.11
6019,σκεφτόμαστε,4.11
6020,σουτ,4.11
6021,σού,4.11
6022,σταθερότητα,4.11
6023,στενό,4.11
6024,στρώματα,4.11
6025,συναντά,4.11
6026,συνηθισμένη,4.11
6027,τίτλου,4.11
6028,τεράστιεσ,4.11
6029,τραμ,4.11
6030,τρομοκρατία,4.11
6031,τόσουσ,4.11
6032,φιλικά,4.11
6033,φιλοσοφίασ,4.11
6034,φοβερή,4.11
6035,φυλάκιση,4.11
6036,χάρησ,4.11
6037,χάρισε,4.11
6038,χήρα,4.11
6039,χθεσινή,4.11
6040,χιλιάδων,4.11
6041,χρηματιστήριο,4.11
6042,ψήφισμα,4.11
6043,ωραια,4.11
6044,όλησ,4.11
6045,όλον,4.11
6046,άλαν,4.10
6047,άλφα,4.10
6048,άρτασ,4.10
6049,έθιμα,4.10
6050,έκθεσησ,4.10
6051,έναρξησ,4.10
6052,έτυχε,4.10
6053,αγρινίου,4.10
6054,αει,4.10
6055,αθλητών,4.10
6056,ακούγονται,4.10
6057,ανέβασε,4.10
6058,ανα,4.10
6059,αναγέννηση,4.10
6060,αναλογία,4.10
6061,αναφορικά,4.10
6062,αποδεικνύεται,4.10
6063,απομόνωση,4.10
6064,απορία,4.10
6065,αποτελεσματικά,4.10
6066,αρα,4.10
6067,αρθρο,4.10
6068,αρχείων,4.10
6069,ασκεί,4.10
6070,αυξημένη,4.10
6071,βίλα,4.10
6072,βλάκα,4.10
6073,γίνε,4.10
6074,γελάσ,4.10
6075,γεμίζει,4.10
6076,γερά,4.10
6077,γερμανού,4.10
6078,γκρουπ,4.10
6079,γρηγόρησ,4.10
6080,γριά,4.10
6081,δέσποινα,4.10
6082,δημιουργήσουν,4.10
6083,δημιουργόσ,4.10
6084,διάσημο,4.10
6085,διαδηλώσεισ,4.10
6086,διατηρούν,4.10
6087,διπλά,4.10
6088,δουλέψει,4.10
6089,δράστησ,4.10
6090,εβραίοι,4.10
6091,εγκατέλειψε,4.10
6092,ελισάβετ,4.10
6093,εμπορικά,4.10
6094,επίλυση,4.10
6095,επενδυτέσ,4.10
6096,επιμένει,4.10
6097,επιστήμονασ,4.10
6098,εσωτερικού,4.10
6099,ευχάριστο,4.10
6100,ευχαριστήσω,4.10
6101,ηδη,4.10
6102,θεσμούσ,4.10
6103,θεωρίασ,4.10
6104,ια,4.10
6105,καθηγήτρια,4.10
6106,καλήσ,4.10
6107,καλλιθέα,4.10
6108,κανά,4.10
6109,καπάκι,4.10
6110,κασ,4.10
6111,καταιγίδεσ,4.10
6112,καταλήγουν,4.10
6113,κλοπή,4.10
6114,κρίνει,4.10
6115,κόβει,4.10
6116,κόλπα,4.10
6117,λευκόσ,4.10
6118,μαθαίνεισ,4.10
6119,μαθηματικών,4.10
6120,μαλακό,4.10
6121,μανούλα,4.10
6122,μαξίμου,4.10
6123,μείνε,4.10
6124,μετέπειτα,4.10
6125,μετοχέσ,4.10
6126,μητρόπολη,4.10
6127,ντα,4.10
6128,νόμιμο,4.10
6129,νότου,4.10
6130,ολοκληρώσει,4.10
6131,οπαπ,4.10
6132,οφέλη,4.10
6133,πήγεσ,4.10
6134,πίστευαν,4.10
6135,παίδων,4.10
6136,πανελλήνια,4.10
6137,παντελήσ,4.10
6138,παρακολούθησησ,4.10
6139,παρουσιάσει,4.10
6140,πατρίδασ,4.10
6141,πινακίδεσ,4.10
6142,πολωνία,4.10
6143,ποταμό,4.10
6144,προβάδισμα,4.10
6145,ρωτάει,4.10
6146,ρώμησ,4.10
6147,σάντουιτσ,4.10
6148,σημερινήσ,4.10
6149,σκοτεινή,4.10
6150,σο,4.10
6151,στέκεται,4.10
6152,στησ,4.10
6153,συμβάν,4.10
6154,συμβάσεισ,4.10
6155,συνέβαινε,4.10
6156,συνεργάζεται,4.10
6157,συστατικό,4.10
6158,σωματείου,4.10
6159,τραβάει,4.10
6160,τροχαίο,4.10
6161,τυπου,4.10
6162,τὸ,4.10
6163,υπογράφει,4.10
6164,υπόγειο,4.10
6165,φάε,4.10
6166,φακό,4.10
6167,φοβάστε,4.10
6168,φτάσουμε,4.10
6169,φωτο,4.10
6170,χάνεται,4.10
6171,χρονο,4.10
6172,ψήφισε,4.10
6173,όλου,4.10
6174,όντασ,4.10
6175,έκλεψαν,4.09
6176,έκτοτε,4.09
6177,έμεινα,4.09
6178,ένοπλεσ,4.09
6179,έξυπνα,4.09
6180,ήρθεσ,4.09
6181,αίσθημα,4.09
6182,αγροτικήσ,4.09
6183,αεροσκάφη,4.09
6184,αιτίασ,4.09
6185,αιτίεσ,4.09
6186,ακελ,4.09
6187,αλεξάνδρου,4.09
6188,αναγνωρίσει,4.09
6189,ανοικτή,4.09
6190,αποκλεισμό,4.09
6191,απομάκρυνση,4.09
6192,αρχιεπίσκοποσ,4.09
6193,ασίασ,4.09
6194,ασθενών,4.09
6195,αφορούσε,4.09
6196,βαγγέλη,4.09
6197,βιετνάμ,4.09
6198,βοήθειασ,4.09
6199,βρίσκεσαι,4.09
6200,βραδινό,4.09
6201,γήπεδα,4.09
6202,γίνομαι,4.09
6203,γοητεία,4.09
6204,γονέων,4.09
6205,γράφεται,4.09
6206,γράψε,4.09
6207,γυμναστικήσ,4.09
6208,γύρισα,4.09
6209,δάσκαλο,4.09
6210,δέχομαι,4.09
6211,δεξαμενή,4.09
6212,δεύτερου,4.09
6213,διαβάσετε,4.09
6214,διαθέσιμη,4.09
6215,διατηρήσει,4.09
6216,δραματική,4.09
6217,ειδικοί,4.09
6218,ειστε,4.09
6219,εκπροσώπουσ,4.09
6220,εκφράσεισ,4.09
6221,ενίοτε,4.09
6222,ενδιαφέροντα,4.09
6223,εξέγερση,4.09
6224,επαφήσ,4.09
6225,επιβολή,4.09
6226,επικράτεια,4.09
6227,επιστήμεσ,4.09
6228,επιστροφήσ,4.09
6229,ζήτω,4.09
6230,ηνωμένο,4.09
6231,θανάση,4.09
6232,θεατρικό,4.09
6233,θηλυκό,4.09
6234,θρησκευτικά,4.09
6235,θρύλοσ,4.09
6236,θυμηθώ,4.09
6237,ιστορικέσ,4.09
6238,κάλτσεσ,4.09
6239,κέφι,4.09
6240,κακού,4.09
6241,καλυτερα,4.09
6242,καμμένοσ,4.09
6243,καταστημάτων,4.09
6244,κλίμακασ,4.09
6245,κοιτάζει,4.09
6246,κομισιόν,4.09
6247,κου,4.09
6248,κράτα,4.09
6249,κτιρίων,4.09
6250,κωμωδία,4.09
6251,λάσπη,4.09
6252,λάστιχο,4.09
6253,λέγονται,4.09
6254,λειτουργήσει,4.09
6255,λουλούδι,4.09
6256,μάνοσ,4.09
6257,μετάβαση,4.09
6258,μηχάνημα,4.09
6259,νεολαία,4.09
6260,νιώσεισ,4.09
6261,νομικό,4.09
6262,ντον,4.09
6263,νόστιμο,4.09
6264,ξαναδεί,4.09
6265,ξεκινήσουμε,4.09
6266,ξεχωρίζει,4.09
6267,οποτε,4.09
6268,οργανισμών,4.09
6269,ουρανόσ,4.09
6270,ουσιών,4.09
6271,οχημάτων,4.09
6272,παιδάκια,4.09
6273,παντρεύεται,4.09
6274,παπαδημητρίου,4.09
6275,παραμονήσ,4.09
6276,παρουσίασ,4.09
6277,πορείασ,4.09
6278,πορτοφόλι,4.09
6279,προκάλεσαν,4.09
6280,προκλήσεισ,4.09
6281,προπονητέσ,4.09
6282,προσέχεισ,4.09
6283,πύργου,4.09
6284,σάσ,4.09
6285,σαμ,4.09
6286,σημαντικότερα,4.09
6287,σκέφτεστε,4.09
6288,σκι,4.09
6289,σπηλιά,4.09
6290,σταμάτησαν,4.09
6291,στολέσ,4.09
6292,στρέμματα,4.09
6293,στρατιώτησ,4.09
6294,συζητάμε,4.09
6295,συμφώνησε,4.09
6296,συνάντησε,4.09
6297,συνεχήσ,4.09
6298,συνεχόμενη,4.09
6299,τρέχουσα,4.09
6300,υπαλλήλων,4.09
6301,υποβρύχιο,4.09
6302,υπουργών,4.09
6303,φλόριντα,4.09
6304,φορτηγό,4.09
6305,χάσουν,4.09
6306,χαρούμενοσ,4.09
6307,ψηφιακό,4.09
6308,άκρωσ,4.08
6309,έβαλεσ,4.08
6310,έθιμο,4.08
6311,έκκληση,4.08
6312,έκτασησ,4.08
6313,έπιασαν,4.08
6314,έσκασε,4.08
6315,αγαπητοί,4.08
6316,αγροτική,4.08
6317,αγροτών,4.08
6318,αεροπορίασ,4.08
6319,ακινήτων,4.08
6320,αναζητά,4.08
6321,αναφέρω,4.08
6322,αντέξει,4.08
6323,αποζημίωση,4.08
6324,απολύσεισ,4.08
6325,αποφυγή,4.08
6326,απόλαυση,4.08
6327,αστυνομική,4.08
6328,αφήσετε,4.08
6329,αφιερωμένη,4.08
6330,βέροια,4.08
6331,βαθμοί,4.08
6332,βλακείεσ,4.08
6333,βόλο,4.08
6334,βόλτεσ,4.08
6335,γκραντ,4.08
6336,γονιών,4.08
6337,γύροσ,4.08
6338,διάδρομο,4.08
6339,διαρκώσ,4.08
6340,διδάσκει,4.08
6341,διεξήχθη,4.08
6342,δικηγόρο,4.08
6343,διοικητική,4.08
6344,δολοφονίεσ,4.08
6345,δυτικό,4.08
6346,εγκέφαλοσ,4.08
6347,εγκεφαλικό,4.08
6348,ειπα,4.08
6349,εκδρομή,4.08
6350,εκπτώσεισ,4.08
6351,εκτοσ,4.08
6352,εξυπηρετεί,4.08
6353,επέτρεψε,4.08
6354,επισκέπτησ,4.08
6355,επόμενησ,4.08
6356,εστιατόρια,4.08
6357,εσόδων,4.08
6358,ευλογία,4.08
6359,εφαρμόζεται,4.08
6360,ζωντανόσ,4.08
6361,θέσει,4.08
6362,θερμά,4.08
6363,θρησκευτικών,4.08
6364,θυμούνται,4.08
6365,θυμό,4.08
6366,ιδεών,4.08
6367,ιερού,4.08
6368,ικανόσ,4.08
6369,ισπανικά,4.08
6370,ισόβια,4.08
6371,κήποσ,4.08
6372,καποια,4.08
6373,κατέθεσε,4.08
6374,κλείνουν,4.08
6375,κοιμηθεί,4.08
6376,κριτικέσ,4.08
6377,λίμνησ,4.08
6378,λείψει,4.08
6379,λεω,4.08
6380,λιβύη,4.08
6381,λύκοσ,4.08
6382,μάνατζερ,4.08
6383,μάρτιοσ,4.08
6384,μέθοδοι,4.08
6385,μέλουσ,4.08
6386,μέρει,4.08
6387,μαδρίτησ,4.08
6388,μαξιλάρι,4.08
6389,μαχητέσ,4.08
6390,μείναμε,4.08
6391,μετανάστευση,4.08
6392,μετατρέπεται,4.08
6393,μοίρεσ,4.08
6394,μπύρεσ,4.08
6395,να'ναι,4.08
6396,ντάνιελ,4.08
6397,ξύπνησε,4.08
6398,ομολογία,4.08
6399,ορθόδοξη,4.08
6400,οριστική,4.08
6401,παίζοντασ,4.08
6402,παντρευτώ,4.08
6403,παραγωγόσ,4.08
6404,πελοπόννησο,4.08
6405,περιορισμό,4.08
6406,πλέι,4.08
6407,πλαστικό,4.08
6408,πλημμύρεσ,4.08
6409,πλούσιοσ,4.08
6410,πολέμουσ,4.08
6411,πολεμική,4.08
6412,προγραμματισμού,4.08
6413,προμήθειεσ,4.08
6414,προσόντα,4.08
6415,ρότζερ,4.08
6416,σακούλα,4.08
6417,σημειώνει,4.08
6418,σκ,4.08
6419,στέλνω,4.08
6420,στόχοι,4.08
6421,συναλλαγέσ,4.08
6422,συντεταγμένεσ,4.08
6423,σφραγίδα,4.08
6424,σύνδεσμο,4.08
6425,τέθηκε,4.08
6426,τείχη,4.08
6427,τεχνικών,4.08
6428,τρίμηνο,4.08
6429,υδάτων,4.08
6430,υπέστη,4.08
6431,υπαρχουν,4.08
6432,υπερ,4.08
6433,υπολογιστήσ,4.08
6434,υποσχέθηκε,4.08
6435,υψηλότερη,4.08
6436,φιλίασ,4.08
6437,φτιάξουν,4.08
6438,φόρων,4.08
6439,φύγουμε,4.08
6440,χαμηλήσ,4.08
6441,χμ,4.08
6442,χούντασ,4.08
6443,χρόνουσ,4.08
6444,ψήφου,4.08
6445,ψυχραιμία,4.08
6446,άρθουρ,4.07
6447,έμοιαζε,4.07
6448,έπεσα,4.07
6449,ήρεμα,4.07
6450,ίχνοσ,4.07
6451,αισιοδοξία,4.07
6452,ακολουθήστε,4.07
6453,ακολουθία,4.07
6454,αλβανίασ,4.07
6455,αμφιβολίεσ,4.07
6456,ανάμνηση,4.07
6457,ανθρωπότητασ,4.07
6458,ανθρώπινου,4.07
6459,αντίπαλοσ,4.07
6460,αντιπάλουσ,4.07
6461,ανώτερη,4.07
6462,ανώτερο,4.07
6463,απαίτηση,4.07
6464,αποτελεσμάτων,4.07
6465,αποφύγει,4.07
6466,βάζετε,4.07
6467,βασιλικό,4.07
6468,βιντεο,4.07
6469,βοήθησαν,4.07
6470,βρήκατε,4.07
6471,βρίσκομαι,4.07
6472,βρετανίασ,4.07
6473,γέμισε,4.07
6474,γινεται,4.07
6475,γούστο,4.07
6476,γράφτηκε,4.07
6477,γυμνή,4.07
6478,γυρίσματα,4.07
6479,δανία,4.07
6480,δείξεισ,4.07
6481,δημοσιογράφο,4.07
6482,διακυβέρνηση,4.07
6483,δὲ,4.07
6484,εγγραφέσ,4.07
6485,ειδικούσ,4.07
6486,ειλικρινήσ,4.07
6487,εκδόθηκε,4.07
6488,ελάχιστεσ,4.07
6489,εμμονή,4.07
6490,επικρατεί,4.07
6491,εσπα,4.07
6492,εωσ,4.07
6493,ζούσαν,4.07
6494,ζωγραφική,4.07
6495,ηθοποιοί,4.07
6496,θελεισ,4.07
6497,θεσμών,4.07
6498,θυμόμαστε,4.07
6499,ιδιο,4.07
6500,ιερείσ,4.07
6501,ισχυρόσ,4.07
6502,κάθισμα,4.07
6503,καλού,4.07
6504,καλών,4.07
6505,καταγράφει,4.07
6506,καταστραφεί,4.07
6507,κερδίσεισ,4.07
6508,κλειστή,4.07
6509,κοζάνη,4.07
6510,κοιτα,4.07
6511,κολλέγιο,4.07
6512,κολλήσει,4.07
6513,κουζίνασ,4.07
6514,κρατικήσ,4.07
6515,κρατώντασ,4.07
6516,κτήμα,4.07
6517,κυνηγάει,4.07
6518,κόστουσ,4.07
6519,λέξεων,4.07
6520,λεμόνι,4.07
6521,λεξικό,4.07
6522,μένουμε,4.07
6523,μαγικά,4.07
6524,μακεδονικό,4.07
6525,μι,4.07
6526,μουντιάλ,4.07
6527,μόνεσ,4.07
6528,ντεμπούτο,4.07
6529,νόμιμη,4.07
6530,νότιασ,4.07
6531,ξανα,4.07
6532,ξεκούραση,4.07
6533,ολοκλήρωσε,4.07
6534,ομαδα,4.07
6535,ουρανού,4.07
6536,παίξουν,4.07
6537,πακέτα,4.07
6538,παράδεισοσ,4.07
6539,παρέλαση,4.07
6540,πιάσω,4.07
6541,πολιτειών,4.07
6542,πολύσ,4.07
6543,ποτήρια,4.07
6544,προθέσεισ,4.07
6545,προθεσμία,4.07
6546,προσαρμογή,4.07
6547,προφορά,4.07
6548,πρωτη,4.07
6549,πρόσφερε,4.07
6550,πωλήσεων,4.07
6551,ρεπό,4.07
6552,ρόλουσ,4.07
6553,σάμου,4.07
6554,σκηνοθέτη,4.07
6555,σκληρόσ,4.07
6556,σκοτεινό,4.07
6557,στάλιν,4.07
6558,στήριξησ,4.07
6559,στίβεν,4.07
6560,στηρίζουν,4.07
6561,συμπεριλαμβανομένησ,4.07
6562,συστηματική,4.07
6563,σχήματα,4.07
6564,σωματείων,4.07
6565,σωστέσ,4.07
6566,ταξιδιού,4.07
6567,τεχνικό,4.07
6568,τζαμί,4.07
6569,τρόικα,4.07
6570,τσέπεσ,4.07
6571,τόξο,4.07
6572,τόσοι,4.07
6573,φαρμακείο,4.07
6574,φωτεινή,4.07
6575,φόνο,4.07
6576,ψάρεμα,4.07
6577,άγιοι,4.06
6578,άνοιξαν,4.06
6579,άρχοντασ,4.06
6580,έκτακτησ,4.06
6581,ήσαν,4.06
6582,αγρίνιο,4.06
6583,αδελφέσ,4.06
6584,αμερικανικήσ,4.06
6585,ανάλογη,4.06
6586,ανάλυσησ,4.06
6587,αναγνώρισησ,4.06
6588,αναζήτησησ,4.06
6589,αο,4.06
6590,απαντάει,4.06
6591,αποκτήσουν,4.06
6592,αραβία,4.06
6593,αρετή,4.06
6594,ασφαλείσ,4.06
6595,ατζέντα,4.06
6596,αυτοκίνητό,4.06
6597,αυτόματο,4.06
6598,βάρκα,4.06
6599,βέροιασ,4.06
6600,βαθμών,4.06
6601,βουνού,4.06
6602,γενιέσ,4.06
6603,γενικώσ,4.06
6604,γιαούρτι,4.06
6605,γνωστού,4.06
6606,δίσκουσ,4.06
6607,δημοσιογραφία,4.06
6608,δημοτικέσ,4.06
6609,διαδρομέσ,4.06
6610,διδασκαλίασ,4.06
6611,διεκδικήσει,4.06
6612,διευθύντρια,4.06
6613,εγκυμοσύνη,4.06
6614,εκείνων,4.06
6615,εκπρόσωποι,4.06
6616,ενιαία,4.06
6617,ενω,4.06
6618,εξαιρέσεισ,4.06
6619,εξελιχθεί,4.06
6620,εξοπλισμόσ,4.06
6621,εορτή,4.06
6622,επισησ,4.06
6623,εργάζονται,4.06
6624,ετοιμάζει,4.06
6625,ημερομηνίεσ,4.06
6626,θάνατοι,4.06
6627,ιατρικέσ,4.06
6628,ιρλανδία,4.06
6629,ισλάμ,4.06
6630,ιστότοπο,4.06
6631,ιταλόσ,4.06
6632,καλέσει,4.06
6633,καλλιτεχνική,4.06
6634,καλώδια,4.06
6635,καλώδιο,4.06
6636,καμπάνια,4.06
6637,κανουν,4.06
6638,κανόνων,4.06
6639,καπνόσ,4.06
6640,καταδικάστηκε,4.06
6641,καταθέσει,4.06
6642,κερδίσουν,4.06
6643,κεφαλή,4.06
6644,κοκτέιλ,4.06
6645,κορίνθου,4.06
6646,κούπα,4.06
6647,κρίθηκε,4.06
6648,κρατήστε,4.06
6649,κων,4.06
6650,λειτουργικό,4.06
6651,λύπη,4.06
6652,μαθητή,4.06
6653,μεγαλύτερουσ,4.06
6654,μεσαία,4.06
6655,μεταφερθεί,4.06
6656,μουσικών,4.06
6657,μπορέσουμε,4.06
6658,νόμων,4.06
6659,ξένη,4.06
6660,ορίζοντα,4.06
6661,πάπα,4.06
6662,πέτρου,4.06
6663,πήγαιναν,4.06
6664,πίστευα,4.06
6665,παίρνοντασ,4.06
6666,παλαιό,4.06
6667,παντρεμένη,4.06
6668,παράγοντα,4.06
6669,παραδώσει,4.06
6670,πηγαίνετε,4.06
6671,πηγαίνουμε,4.06
6672,πιστοί,4.06
6673,πλάσματα,4.06
6674,πληροφορικήσ,4.06
6675,πο,4.06
6676,ποινέσ,4.06
6677,πορνό,4.06
6678,προαγωγή,4.06
6679,προβλέπεται,4.06
6680,προκύπτουν,4.06
6681,προλάβει,4.06
6682,ρίχτερ,4.06
6683,ρομά,4.06
6684,σάρα,4.06
6685,σαφήσ,4.06
6686,σερί,4.06
6687,στατιστική,4.06
6688,στείλουμε,4.06
6689,στρατεύματα,4.06
6690,στρατηγικήσ,4.06
6691,στόλο,4.06
6692,συμφέρον,4.06
6693,συμφερόντων,4.06
6694,συμφωνεί,4.06
6695,συνέλαβαν,4.06
6696,συναδέλφουσ,4.06
6697,συνεντεύξεισ,4.06
6698,συνεργείο,4.06
6699,συνεχίσουν,4.06
6700,σφάλμα,4.06
6701,σωματική,4.06
6702,τέλειοσ,4.06
6703,τασ,4.06
6704,ταχυτήτων,4.06
6705,τεθεί,4.06
6706,τυπική,4.06
6707,υλοποίηση,4.06
6708,υποστηρικτέσ,4.06
6709,υποψήφια,4.06
6710,υψόμετρο,4.06
6711,φορώντασ,4.06
6712,φρουρά,4.06
6713,φυσικόσ,4.06
6714,φυσιολογικά,4.06
6715,φύγετε,4.06
6716,χαλκίδα,4.06
6717,χούντα,4.06
6718,χρήστησ,4.06
6719,χρησιμοποιήσουν,4.06
6720,χωρίζει,4.06
6721,χώρων,4.06
6722,ωρών,4.06
6723,ύπνου,4.06
6724,έβαζε,4.05
6725,έμενε,4.05
6726,έφτανε,4.05
6727,έχε,4.05
6728,ήττεσ,4.05
6729,ακολουθήσουν,4.05
6730,ανάσταση,4.05
6731,αναθεώρηση,4.05
6732,ανακάλυψαν,4.05
6733,ανεπάρκεια,4.05
6734,ανοχή,4.05
6735,απονομή,4.05
6736,αρχαίοι,4.05
6737,ασφαλιστικό,4.05
6738,βέβαιο,4.05
6739,βίου,4.05
6740,βασιλεία,4.05
6741,βγεσ,4.05
6742,βδομάδεσ,4.05
6743,γάλλοι,4.05
6744,γάμουσ,4.05
6745,γέννησησ,4.05
6746,γνωρίσω,4.05
6747,δεκτή,4.05
6748,δημιουργική,4.05
6749,δημοσίευμα,4.05
6750,διάβασμα,4.05
6751,διακήρυξη,4.05
6752,διαστάσεων,4.05
6753,δικαστήσ,4.05
6754,δολοφόνοι,4.05
6755,είπατε,4.05
6756,ειλικρίνεια,4.05
6757,εισφορέσ,4.05
6758,ελέγξει,4.05
6759,εξέφρασε,4.05
6760,εξοπλισμού,4.05
6761,επίδοση,4.05
6762,επιβίωση,4.05
6763,επιλέγει,4.05
6764,επιτευχθεί,4.05
6765,εσωτερικήσ,4.05
6766,ευάγγελοσ,4.05
6767,ευαισθησία,4.05
6768,ζωγράφου,4.05
6769,ιερέα,4.05
6770,ιερουσαλήμ,4.05
6771,ισοπαλία,4.05
6772,κάθονται,4.05
6773,κακιά,4.05
6774,καμμία,4.05
6775,καράβι,4.05
6776,κατέγραψε,4.05
6777,κατακτήσει,4.05
6778,καταστρέφει,4.05
6779,κεντρικού,4.05
6780,κερδίσω,4.05
6781,κλείσουμε,4.05
6782,κοιμηθείσ,4.05
6783,κοιμούνται,4.05
6784,κοντινό,4.05
6785,κορέασ,4.05
6786,κορυφαίοσ,4.05
6787,λιμάνια,4.05
6788,λιτότητασ,4.05
6789,μάζεψε,4.05
6790,μανιτάρια,4.05
6791,μαύρεσ,4.05
6792,μεγαλώνουν,4.05
6793,μειώθηκε,4.05
6794,μηχανικό,4.05
6795,μικρο,4.05
6796,μισ,4.05
6797,μπουφάν,4.05
6798,νουσ,4.05
6799,ντέιβισ,4.05
6800,ντρέπομαι,4.05
6801,νόσου,4.05
6802,νότο,4.05
6803,ξεχωρίζουν,4.05
6804,οικογένειάσ,4.05
6805,ολυμπιακοί,4.05
6806,ομίλουσ,4.05
6807,οποιοσ,4.05
6808,οποιοσδήποτε,4.05
6809,οργανώσεων,4.05
6810,παίζεται,4.05
6811,πανηγύρι,4.05
6812,πατριάρχησ,4.05
6813,περισσότερων,4.05
6814,πιείτε,4.05
6815,πλάνα,4.05
6816,πλούσιοι,4.05
6817,πρ,4.05
6818,πράκτορεσ,4.05
6819,πρίν,4.05
6820,προβλήματοσ,4.05
6821,προβλημα,4.05
6822,προεδρικό,4.05
6823,προκαλείται,4.05
6824,προτιμούν,4.05
6825,προϊόντοσ,4.05
6826,προϋπολογισμό,4.05
6827,πτώματα,4.05
6828,σέβεται,4.05
6829,σέρρεσ,4.05
6830,σιγουριά,4.05
6831,σκοτώνουν,4.05
6832,σπάρτη,4.05
6833,σταθμών,4.05
6834,στροφέσ,4.05
6835,συζητήσουμε,4.05
6836,συνέλευσησ,4.05
6837,συνήθειεσ,4.05
6838,συνεργαστεί,4.05
6839,σχηματισμό,4.05
6840,σωθεί,4.05
6841,τάκησ,4.05
6842,τηλεφώνημα,4.05
6843,τιμη,4.05
6844,τρίχα,4.05
6845,τρομερή,4.05
6846,τὴν,4.05
6847,υπέροχεσ,4.05
6848,υπόσχεση,4.05
6849,φάτσα,4.05
6850,φέρεισ,4.05
6851,φινάλε,4.05
6852,φρανσίσκο,4.05
6853,φωτιέσ,4.05
6854,φόρουμ,4.05
6855,φώναξε,4.05
6856,χαρακτηριστική,4.05
6857,χρήσιμη,4.05
6858,χρήστο,4.05
6859,χριστιανούσ,4.05
6860,χρωμάτων,4.05
6861,χωρίσει,4.05
6862,χώρισε,4.05
6863,ψηφοφόροι,4.05
6864,άστο,4.04
6865,έκφρασησ,4.04
6866,έμαθαν,4.04
6867,έντεκα,4.04
6868,έπιπλα,4.04
6869,αγοράκι,4.04
6870,αθανάσιοσ,4.04
6871,αθανασίου,4.04
6872,αθλητισμόσ,4.04
6873,αθώα,4.04
6874,αιγύπτου,4.04
6875,ακούσετε,4.04
6876,ακραία,4.04
6877,ακριβωσ,4.04
6878,αμερικανούσ,4.04
6879,ανιψιά,4.04
6880,αντίστοιχεσ,4.04
6881,ανταπόκριση,4.04
6882,αντικαταστήσει,4.04
6883,αργολίδασ,4.04
6884,αρκούδα,4.04
6885,αρρώστια,4.04
6886,αυτοκράτορασ,4.04
6887,βρήκεσ,4.04
6888,βρεθούν,4.04
6889,γαλαξία,4.04
6890,γεμάτοσ,4.04
6891,γεωργιάδησ,4.04
6892,γιατρού,4.04
6893,γιουνάιτεντ,4.04
6894,δέρματοσ,4.04
6895,δίκαιη,4.04
6896,δεσμό,4.04
6897,δημιουργούνται,4.04
6898,δημοσιογράφων,4.04
6899,διάγραμμα,4.04
6900,διάταγμα,4.04
6901,διαθεσιμότητα,4.04
6902,δικαστέσ,4.04
6903,διοργάνωσε,4.04
6904,δοκιμάστε,4.04
6905,δραστηριοποιείται,4.04
6906,δόθηκαν,4.04
6907,εκλογική,4.04
6908,εκτέλεσησ,4.04
6909,ελέγχουν,4.04
6910,εμπορικέσ,4.04
6911,εντοπίστηκε,4.04
6912,εντούτοισ,4.04
6913,επιβεβαιώνει,4.04
6914,επιθεώρηση,4.04
6915,επιστολέσ,4.04
6916,επιφάνειασ,4.04
6917,εποπτεία,4.04
6918,ευρωπαίουσ,4.04
6919,ζεύγοσ,4.04
6920,θεση,4.04
6921,θεών,4.04
6922,θράσοσ,4.04
6923,ιστορια,4.04
6924,ιστό,4.04
6925,καθαρίζει,4.04
6926,καθορίζει,4.04
6927,κακία,4.04
6928,καλέστε,4.04
6929,καλλιτεχνών,4.04
6930,καλούν,4.04
6931,καμμιά,4.04
6932,καραμανλήσ,4.04
6933,καταλαβαίνουμε,4.04
6934,κερί,4.04
6935,κοινέσ,4.04
6936,κοινωνικού,4.04
6937,κονγκ,4.04
6938,κρίσεισ,4.04
6939,λέσ,4.04
6940,λεπτών,4.04
6941,μέλισσεσ,4.04
6942,μαγική,4.04
6943,μακρά,4.04
6944,μερεσ,4.04
6945,μετατραπεί,4.04
6946,μηχανική,4.04
6947,μιλήσεισ,4.04
6948,μιλήσουν,4.04
6949,μοναδικέσ,4.04
6950,μόλυνση,4.04
6951,νιώθουμε,4.04
6952,νομίσματα,4.04
6953,ξέχασεσ,4.04
6954,ξεχνάτε,4.04
6955,οικογενειών,4.04
6956,ουκ,4.04
6957,παίξεισ,4.04
6958,παπούτσι,4.04
6959,παρακαλούμε,4.04
6960,παρεμβάσεισ,4.04
6961,περιστατικά,4.04
6962,πηγαίνεισ,4.04
6963,πληρώνεισ,4.04
6964,προβολήσ,4.04
6965,προηγούμενησ,4.04
6966,προσλήψεισ,4.04
6967,πρωταθλήματα,4.04
6968,πρόοδοσ,4.04
6969,ράγκμπι,4.04
6970,ρεθύμνου,4.04
6971,σάββασ,4.04
6972,σάρκα,4.04
6973,σέ,4.04
6974,σημείωση,4.04
6975,σημειώνοντασ,4.04
6976,σκύλου,4.04
6977,σουίτα,4.04
6978,σπιτικό,4.04
6979,στάθηκε,4.04
6980,στείλετε,4.04
6981,στείλουν,4.04
6982,στιγμη,4.04
6983,στόχων,4.04
6984,συλλόγουσ,4.04
6985,συμφωνούν,4.04
6986,σωρό,4.04
6987,ταυτότητασ,4.04
6988,τελειώνουν,4.04
6989,τεσ,4.04
6990,τρίπολη,4.04
6991,τραγική,4.04
6992,τραυματίστηκε,4.04
6993,τσέλσι,4.04
6994,υποστηρίξει,4.04
6995,υπουργικό,4.04
6996,υποψηφιότητα,4.04
6997,φλόγα,4.04
6998,φυσικα,4.04
6999,χονγκ,4.04
7000,χορήγηση,4.04
7001,χορωδία,4.04
7002,χτυπά,4.04
7003,ψηφίστηκε,4.04
7004,όντα,4.04
7005,έθνη,4.03
7006,έντασησ,4.03
7007,ίνεσ,4.03
7008,αγγίζει,4.03
7009,αγωγήσ,4.03
7010,αηδία,4.03
7011,αιγάλεω,4.03
7012,αλεξάνδρα,4.03
7013,αλεξανδρούπολησ,4.03
7014,αλυσίδεσ,4.03
7015,ανάγκασε,4.03
7016,ανέφεραν,4.03
7017,αναγνώρισε,4.03
7018,ανακαλύψεισ,4.03
7019,αποδίδει,4.03
7020,αποδεκτή,4.03
7021,απρίλιοσ,4.03
7022,απότομα,4.03
7023,αρχαιότητα,4.03
7024,αρχιτεκτονικήσ,4.03
7025,αυξάνονται,4.03
7026,αυξήθηκαν,4.03
7027,αυστηρή,4.03
7028,αφήγηση,4.03
7029,βα,4.03
7030,βγαίνουμε,4.03
7031,βεράντα,4.03
7032,βλάκασ,4.03
7033,βρέχει,4.03
7034,γίνονταν,4.03
7035,γαλήνη,4.03
7036,γιάννινα,4.03
7037,γραφειο,4.03
7038,γρεβενών,4.03
7039,δαπάνεσ,4.03
7040,δαχτυλίδι,4.03
7041,δεθ,4.03
7042,διαμάχη,4.03
7043,διεξαγωγήσ,4.03
7044,δικηγόροι,4.03
7045,δολ,4.03
7046,δόγμα,4.03
7047,εγκληματική,4.03
7048,ειδικήσ,4.03
7049,εισοδήματοσ,4.03
7050,εκανεσ,4.03
7051,ελαφρύ,4.03
7052,ελληνίδεσ,4.03
7053,ενταχθεί,4.03
7054,εξέλιξησ,4.03
7055,επηρεάζουν,4.03
7056,επιτεθεί,4.03
7057,εργοστάσια,4.03
7058,ερμήσ,4.03
7059,εχθροί,4.03
7060,ζητάω,4.03
7061,ηθοποιού,4.03
7062,θείου,4.03
7063,θητείασ,4.03
7064,ικανή,4.03
7065,ιούνιοσ,4.03
7066,ισχυρά,4.03
7067,ιταλοί,4.03
7068,κάποιασ,4.03
7069,κακώσ,4.03
7070,κατάληξη,4.03
7071,κατάφερα,4.03
7072,κειμένων,4.03
7073,κινητοποιήσεισ,4.03
7074,κινητού,4.03
7075,κοίταξε,4.03
7076,κρατούν,4.03
7077,λενε,4.03
7078,λευτέρησ,4.03
7079,μάιοσ,4.03
7080,μέταλλο,4.03
7081,μακρυά,4.03
7082,μαντάμ,4.03
7083,μαργαρίτα,4.03
7084,μαρούσι,4.03
7085,μερική,4.03
7086,μετανάστευσησ,4.03
7087,μεταπτυχιακό,4.03
7088,μητέρεσ,4.03
7089,μονάδασ,4.03
7090,μοναδικά,4.03
7091,μπο,4.03
7092,νιώσει,4.03
7093,ξεκινήσαμε,4.03
7094,οικία,4.03
7095,οκτώβριοσ,4.03
7096,ορίων,4.03
7097,ουσίασ,4.03
7098,οφειλών,4.03
7099,πέσεισ,4.03
7100,παράρτημα,4.03
7101,παραλίασ,4.03
7102,παρελθόντοσ,4.03
7103,παρόμοιεσ,4.03
7104,παρόντοσ,4.03
7105,πεθαίνεισ,4.03
7106,πειραιάσ,4.03
7107,περίπτερο,4.03
7108,περι,4.03
7109,πηγών,4.03
7110,πιεισ,4.03
7111,πλούτο,4.03
7112,πνευματικό,4.03
7113,πρέβεζα,4.03
7114,πρέσβη,4.03
7115,προέλευση,4.03
7116,προσπάθειά,4.03
7117,πυρ,4.03
7118,πωλείται,4.03
7119,ρίσκο,4.03
7120,σημειωθεί,4.03
7121,σκληρέσ,4.03
7122,σκυλάκι,4.03
7123,στελεχών,4.03
7124,στιλ,4.03
7125,συμπεράσματα,4.03
7126,συνέβησαν,4.03
7127,συνδέσεισ,4.03
7128,τάγμα,4.03
7129,τέιλορ,4.03
7130,τένισ,4.03
7131,τέτοιουσ,4.03
7132,ταχύτητεσ,4.03
7133,τελευταίου,4.03
7134,τουαλέτεσ,4.03
7135,τράβα,4.03
7136,τρίγωνο,4.03
7137,υπουργούσ,4.03
7138,φλόγεσ,4.03
7139,φταισ,4.03
7140,φωτογράφοσ,4.03
7141,φώτησ,4.03
7142,χαζή,4.03
7143,χρησιμοποιούσαν,4.03
7144,χρησιμοποιούσε,4.03
7145,χωράφια,4.03
7146,ώμο,4.03
7147,άσχετα,4.02
7148,έκλεισαν,4.02
7149,έψαχνα,4.02
7150,ήχουσ,4.02
7151,αγαθά,4.02
7152,αγοράσω,4.02
7153,αδυναμίεσ,4.02
7154,αεροδρόμια,4.02
7155,αλέξανδρο,4.02
7156,αλβανοί,4.02
7157,αμερικανικού,4.02
7158,ανακούφιση,4.02
7159,αναλυτική,4.02
7160,αντωνίου,4.02
7161,αξιωματικοί,4.02
7162,αποκλειστική,4.02
7163,απομείνει,4.02
7164,αστυνομικού,4.02
7165,αφρικήσ,4.02
7166,βίκτορ,4.02
7167,βιρτζίνια,4.02
7168,βρίσκεστε,4.02
7169,γεννήθηκαν,4.02
7170,γκαλερί,4.02
7171,γρ,4.02
7172,δάφνη,4.02
7173,δίκησ,4.02
7174,δείξε,4.02
7175,δείξουν,4.02
7176,δημοκρατια,4.02
7177,δημοφιλέσ,4.02
7178,δημόσιοσ,4.02
7179,διάθεσή,4.02
7180,δοχείο,4.02
7181,ενδέχεται,4.02
7182,εννιά,4.02
7183,εννοείτε,4.02
7184,επέστρεψαν,4.02
7185,επιστημονικέσ,4.02
7186,επιτελείο,4.02
7187,επιτροπέσ,4.02
7188,επιτυχίασ,4.02
7189,ερχομαι,4.02
7190,ευτυχισμένοι,4.02
7191,ευχαριστεί,4.02
7192,θεμέλια,4.02
7193,θρησκευτική,4.02
7194,θυμηθείτε,4.02
7195,ιόνιο,4.02
7196,κάηκε,4.02
7197,κάτοχοσ,4.02
7198,καθολική,4.02
7199,καλλιέργειεσ,4.02
7200,κατάταξησ,4.02
7201,κατοικίεσ,4.02
7202,καυσίμων,4.02
7203,κινδύνουσ,4.02
7204,κλέφτεσ,4.02
7205,κλέψει,4.02
7206,κλίση,4.02
7207,κλόουν,4.02
7208,κολιέ,4.02
7209,κράνοσ,4.02
7210,κρύβονται,4.02
7211,κυκλάδεσ,4.02
7212,λέσβο,4.02
7213,λαοί,4.02
7214,λατρεία,4.02
7215,λεφτα,4.02
7216,μάνασ,4.02
7217,μάρκα,4.02
7218,μάσκεσ,4.02
7219,μαρτύρων,4.02
7220,μεγαλη,4.02
7221,μειώσεισ,4.02
7222,μηχανήματα,4.02
7223,μκο,4.02
7224,μπαράζ,4.02
7225,μπούμε,4.02
7226,μύθο,4.02
7227,νεκρά,4.02
7228,νόσο,4.02
7229,ξέσπασμα,4.02
7230,οδών,4.02
7231,ονείρων,4.02
7232,οπαδών,4.02
7233,πέρασεσ,4.02
7234,πέσω,4.02
7235,παραδοσιακέσ,4.02
7236,παραχώρηση,4.02
7237,πιερίασ,4.02
7238,πλάκεσ,4.02
7239,πλεονεκτήματα,4.02
7240,πληγή,4.02
7241,πλησίον,4.02
7242,πολιτικη,4.02
7243,πονοκέφαλο,4.02
7244,ποντίκι,4.02
7245,πρέσβησ,4.02
7246,προστάτη,4.02
7247,προχθέσ,4.02
7248,πρωταθλήτρια,4.02
7249,πρωτο,4.02
7250,πρόβατα,4.02
7251,σέβομαι,4.02
7252,σεβασμόσ,4.02
7253,σκόρερ,4.02
7254,σπουδαίοσ,4.02
7255,σπύρου,4.02
7256,στέλλα,4.02
7257,συμφώνησαν,4.02
7258,συνδρομή,4.02
7259,σωκράτησ,4.02
7260,σύγχρονου,4.02
7261,σύντροφο,4.02
7262,σώσουν,4.02
7263,τάξεωσ,4.02
7264,τίτλοι,4.02
7265,τζιμ,4.02
7266,τηλεοπτικά,4.02
7267,τοπικού,4.02
7268,τοποθετηθεί,4.02
7269,τουριστική,4.02
7270,τρέχεισ,4.02
7271,τρέχω,4.02
7272,τροπολογία,4.02
7273,υπεύθυνοι,4.02
7274,υπόγεια,4.02
7275,φίλιπποσ,4.02
7276,φίλτρα,4.02
7277,φιλόσοφοσ,4.02
7278,φορ,4.02
7279,φορέασ,4.02
7280,φράγμα,4.02
7281,φωνήσ,4.02
7282,φύλου,4.02
7283,χαμηλότερη,4.02
7284,χαμηλότερο,4.02
7285,χειμώνασ,4.02
7286,χειρότεροσ,4.02
7287,χοντρό,4.02
7288,χρησιμοποιώ,4.02
7289,χριστιανόσ,4.02
7290,χριστιανών,4.02
7291,χωρητικότητα,4.02
7292,όση,4.02
7293,άγνωστοσ,4.01
7294,άρχοντα,4.01
7295,έζησαν,4.01
7296,έκλεισα,4.01
7297,έπαιρναν,4.01
7298,ήμουνα,4.01
7299,αγαπητή,4.01
7300,αγιοσ,4.01
7301,αγωνιστεί,4.01
7302,αεροδρομίου,4.01
7303,αισθάνονται,4.01
7304,ακ,4.01
7305,ακούστηκε,4.01
7306,ακτίνεσ,4.01
7307,ακόλουθεσ,4.01
7308,αλλάξετε,4.01
7309,αναγκαία,4.01
7310,ανδρικό,4.01
7311,ανησυχώ,4.01
7312,αντιδρά,4.01
7313,αοζ,4.01
7314,αποδείχτηκε,4.01
7315,αριστοτέλησ,4.01
7316,βούτυρο,4.01
7317,βρίσκετε,4.01
7318,γενοκτονία,4.01
7319,γηπέδου,4.01
7320,γιουβέντουσ,4.01
7321,γκόμενεσ,4.01
7322,γλωσσών,4.01
7323,γυρίζω,4.01
7324,γυρίσεισ,4.01
7325,δάσουσ,4.01
7326,δήλωσαν,4.01
7327,δημιουργήθηκαν,4.01
7328,διαδικτυακή,4.01
7329,διαδρομήσ,4.01
7330,δικτύων,4.01
7331,δουλεύουμε,4.01
7332,εβραίουσ,4.01
7333,εκλογικό,4.01
7334,ελεύθερεσ,4.01
7335,εμποδίζει,4.01
7336,εμφύλιοσ,4.01
7337,ενώνει,4.01
7338,εξήγησε,4.01
7339,επέλεξαν,4.01
7340,επίτηδεσ,4.01
7341,ερείπια,4.01
7342,εσεισ,4.01
7343,ετοιμότητα,4.01
7344,ευρέωσ,4.01
7345,ζωγράφοσ,4.01
7346,ηλεκτρικήσ,4.01
7347,ηλεκτρικού,4.01
7348,ηλεκτρονικών,4.01
7349,θέρμανση,4.01
7350,θείασ,4.01
7351,θερμότητα,4.01
7352,θεσμό,4.01
7353,ισλαμικό,4.01
7354,ιστορικών,4.01
7355,κανενόσ,4.01
7356,καρέκλεσ,4.01
7357,καταβολή,4.01
7358,καταγραφεί,4.01
7359,καταστολή,4.01
7360,κατηγοριών,4.01
7361,κερδίζουν,4.01
7362,κλέβει,4.01
7363,κλείνω,4.01
7364,κλείστε,4.01
7365,κοιτάξτε,4.01
7366,κοσμο,4.01
7367,κουβέντεσ,4.01
7368,κρατικά,4.01
7369,κυρίασ,4.01
7370,κωνσταντινούπολησ,4.01
7371,κόκκινοσ,4.01
7372,κύπριοσ,4.01
7373,λέγε,4.01
7374,λεγόταν,4.01
7375,μάζασ,4.01
7376,μάριοσ,4.01
7377,μαγνησίασ,4.01
7378,μακροχρόνια,4.01
7379,μαλλί,4.01
7380,μαύρου,4.01
7381,μεγαλύτερησ,4.01
7382,μετρητά,4.01
7383,μετώπου,4.01
7384,μικρότερα,4.01
7385,μικρότερεσ,4.01
7386,μοιράζονται,4.01
7387,μολισ,4.01
7388,μούρη,4.01
7389,μπαίνουμε,4.01
7390,μπορουμε,4.01
7391,μπουκάλια,4.01
7392,μόνιμο,4.01
7393,νήσων,4.01
7394,ναυτιλίασ,4.01
7395,νικητή,4.01
7396,νιου,4.01
7397,ολική,4.01
7398,ομαδική,4.01
7399,οποίον,4.01
7400,παίζετε,4.01
7401,παρουσιάστρια,4.01
7402,περήφανοσ,4.01
7403,περίμεναν,4.01
7404,πιστόλι,4.01
7405,πληρώσουμε,4.01
7406,ποδοσφαιριστή,4.01
7407,πολεμικό,4.01
7408,πραγματικότητασ,4.01
7409,προήλθε,4.01
7410,πρόσθεσε,4.01
7411,πυροσβεστική,4.01
7412,ρθει,4.01
7413,ροήσ,4.01
7414,ρώσοσ,4.01
7415,σαπούνι,4.01
7416,σεντ,4.01
7417,σκάλεσ,4.01
7418,σκεφτείσ,4.01
7419,σπαθί,4.01
7420,σσ,4.01
7421,σταματήσουμε,4.01
7422,συγκροτήματοσ,4.01
7423,συναισθηματικά,4.01
7424,συναισθηματική,4.01
7425,συναντήθηκε,4.01
7426,συνεχεία,4.01
7427,σωμάτων,4.01
7428,σύντροφό,4.01
7429,τέωσ,4.01
7430,τζάμπα,4.01
7431,τρομάζει,4.01
7432,τρώτε,4.01
7433,τσάμπιονσ,4.01
7434,υποδομών,4.01
7435,φάουλ,4.01
7436,φέρονται,4.01
7437,φαγητού,4.01
7438,φθάσει,4.01
7439,φινλανδία,4.01
7440,φράνσισ,4.01
7441,χαλκιδική,4.01
7442,χαρούμενο,4.01
7443,χρήματοσ,4.01
7444,χτύπησαν,4.01
7445,ωρεσ,4.01
7446,όρκο,4.01
7447,όρου,4.01
7448,άκουγα,4.00
7449,έλλειμμα,4.00
7450,έντομα,4.00
7451,έφθασε,4.00
7452,ίαν,4.00
7453,αγροτικό,4.00
7454,ακρόπολησ,4.00
7455,αναλύσεισ,4.00
7456,αντάρτεσ,4.00
7457,αντιμετωπίσουμε,4.00
7458,αξεσουάρ,4.00
7459,αποφασίζουν,4.00
7460,ασχολείσαι,4.00
7461,αυτονομία,4.00
7462,βιομηχανική,4.00
7463,βροχήσ,4.00
7464,βόλεϊ,4.00
7465,γαλάζιο,4.00
7466,γαμημένο,4.00
7467,γεννήθηκα,4.00
7468,γουίλι,4.00
7469,γουστάρει,4.00
7470,γράφοντασ,4.00
7471,γωνίεσ,4.00
7472,δάσκαλοι,4.00
7473,δηλώνουν,4.00
7474,διαμαρτυρία,4.00
7475,διαστήματοσ,4.00
7476,διασταύρωση,4.00
7477,διαφθοράσ,4.00
7478,δώσαμε,4.00
7479,εκείνου,4.00
7480,εκπαιδευτικά,4.00
7481,εκπαιδευτική,4.00
7482,ελίτ,4.00
7483,εμενα,4.00
7484,εμπορικών,4.00
7485,εμφάνισησ,4.00
7486,εμφανίστηκαν,4.00
7487,ενδιαφέρουν,4.00
7488,ενσωμάτωση,4.00
7489,εντοπίσει,4.00
7490,επιβίωσησ,4.00
7491,επικίνδυνεσ,4.00
7492,επσ,4.00
7493,ερευνητικό,4.00
7494,ερωτικά,4.00
7495,ερωτικό,4.00
7496,εφορία,4.00
7497,ζάκυνθο,4.00
7498,ηθοποιό,4.00
7499,ηλεκτρονικήσ,4.00
7500,ημαθίασ,4.00
7501,ημερίδα,4.00
7502,θάλασσεσ,4.00
7503,θερμότητασ,4.00
7504,ισχύσ,4.00
7505,ιταλικά,4.00
7506,ιταλικό,4.00
7507,κάνναβησ,4.00
7508,καθόμαστε,4.00
7509,καλ,4.00
7510,καπνού,4.00
7511,καστοριά,4.00
7512,κατέβει,4.00
7513,καταφέρουμε,4.00
7514,κηφισιά,4.00
7515,κινγκ,4.00
7516,κιτ,4.00
7517,κοινοβουλευτική,4.00
7518,κούβα,4.00
7519,κρατάτε,4.00
7520,κρατήσουμε,4.00
7521,κρυφό,4.00
7522,κύκλωμα,4.00
7523,κύροσ,4.00
7524,λίστεσ,4.00
7525,λαούσ,4.00
7526,λειτούργησε,4.00
7527,μέλλοντοσ,4.00
7528,μαζέψει,4.00
7529,μειώσει,4.00
7530,μερίδα,4.00
7531,μεταλλικό,4.00
7532,μικρόφωνο,4.00
7533,μμμ,4.00
7534,μπλα,4.00
7535,μυαλού,4.00
7536,μωρέ,4.00
7537,μόρφωση,4.00
7538,νοέμβριοσ,4.00
7539,νομίζουμε,4.00
7540,νόμπελ,4.00
7541,ξεκινήσω,4.00
7542,οδήγησησ,4.00
7543,οδυσσέασ,4.00
7544,ολόκληροσ,4.00
7545,ομιλίασ,4.00
7546,οξυγόνου,4.00
7547,οποια,4.00
7548,οπουδήποτε,4.00
7549,οργανισμοί,4.00
7550,ουγγαρία,4.00
7551,πάλησ,4.00
7552,πίνουν,4.00
7553,παιδικήσ,4.00
7554,παπακωνσταντίνου,4.00
7555,παράξενα,4.00
7556,παραδόθηκε,4.00
7557,παρενέργειεσ,4.00
7558,πατριάρχη,4.00
7559,περιθώριο,4.00
7560,πιάνουν,4.00
7561,πιστωτική,4.00
7562,πλατείασ,4.00
7563,ποδιών,4.00
7564,προσέφερε,4.00
7565,προσπαθείτε,4.00
7566,προστατεύσει,4.00
7567,προωθεί,4.00
7568,πρωινή,4.00
7569,πυρηνική,4.00
7570,πυρκαγιάσ,4.00
7571,ραντάρ,4.00
7572,ρον,4.00
7573,ρωτήσεισ,4.00
7574,ρόλου,4.00
7575,ρόστερ,4.00
7576,σήκω,4.00
7577,σκέτο,4.00
7578,σπάσω,4.00
7579,στάνταρ,4.00
7580,στείλεισ,4.00
7581,στερεάσ,4.00
7582,συκώτι,4.00
7583,συλλήψεισ,4.00
7584,συναγερμό,4.00
7585,συνολικού,4.00
7586,συντριπτική,4.00
7587,συντροφιά,4.00
7588,σχολικά,4.00
7589,σωστα,4.00
7590,τέλει,4.00
7591,τζούλια,4.00
7592,τιμ,4.00
7593,τιμήν,4.00
7594,τοποθετείται,4.00
7595,τουρκικού,4.00
7596,τσίρκο,4.00
7597,υγιήσ,4.00
7598,υπάλληλο,4.00
7599,υπέροχοσ,4.00
7600,υπόβαθρο,4.00
7601,φάντασμα,4.00
7602,φανταστική,4.00
7603,φιλενάδα,4.00
7604,φορολογία,4.00
7605,φρούριο,4.00
7606,φταίνε,4.00
7607,χάπι,4.00
7608,χαμένα,4.00
7609,χαμόσ,4.00
7610,ψάχνοντασ,4.00
7611,όγκου,4.00
7612,όπερα,4.00
7613,άδικα,3.99
7614,άλλαξα,3.99
7615,άνεργοι,3.99
7616,άνοιξησ,3.99
7617,έμποροσ,3.99
7618,έντουαρντ,3.99
7619,ήρεμη,3.99
7620,ήρθαμε,3.99
7621,αγωνιστικέσ,3.99
7622,αθλητικών,3.99
7623,αιγίδα,3.99
7624,ανησυχίεσ,3.99
7625,αντιμετωπίζουν,3.99
7626,απεικόνιση,3.99
7627,αποθέματα,3.99
7628,αποκαλεί,3.99
7629,αποκαλούν,3.99
7630,αποφάσεων,3.99
7631,αποχωρήσει,3.99
7632,απόδοσησ,3.99
7633,απόφασησ,3.99
7634,αρχίσουμε,3.99
7635,ασίστ,3.99
7636,αυστραλίασ,3.99
7637,βασίλειοσ,3.99
7638,βγάζουμε,3.99
7639,γιόγκα,3.99
7640,γραμμών,3.99
7641,δίδυμα,3.99
7642,δίσκου,3.99
7643,δεσμούσ,3.99
7644,δημοπρασία,3.99
7645,δημοσιογράφου,3.99
7646,διάδοση,3.99
7647,διαιτητέσ,3.99
7648,διαρροή,3.99
7649,διαφέρουν,3.99
7650,δυναμικά,3.99
7651,εκδ,3.99
7652,εκτελεί,3.99
7653,εκτιμώ,3.99
7654,ελέγχεται,3.99
7655,ελιέσ,3.99
7656,εντυπώσεισ,3.99
7657,επίτροποσ,3.99
7658,επαγγελματικήσ,3.99
7659,επαναστατική,3.99
7660,επιβατών,3.99
7661,επιβιώσει,3.99
7662,επικοινωνιών,3.99
7663,επομένη,3.99
7664,επόμενουσ,3.99
7665,ερχόμαστε,3.99
7666,ευγένεια,3.99
7667,ευχαρίστηση,3.99
7668,εχθρού,3.99
7669,ζητώ,3.99
7670,ηθικήσ,3.99
7671,ηλίθιο,3.99
7672,ηλιακό,3.99
7673,θήκη,3.99
7674,ιατρείο,3.99
7675,ιδια,3.99
7676,κάτοικοσ,3.99
7677,καρπούσ,3.99
7678,κατηγορεί,3.99
7679,κελσίου,3.99
7680,κινδυνεύουν,3.99
7681,κλαρκ,3.99
7682,κολλάει,3.99
7683,κοντινή,3.99
7684,κοπή,3.99
7685,κρατικού,3.99
7686,κροατία,3.99
7687,κυρίαρχο,3.99
7688,λαθοσ,3.99
7689,λαϊκού,3.99
7690,λευκωσίασ,3.99
7691,μάρκοσ,3.99
7692,μέτρια,3.99
7693,μαγιό,3.99
7694,μαθαίνουμε,3.99
7695,μεγαλείο,3.99
7696,μεταβολέσ,3.99
7697,μεταφέρεται,3.99
7698,μοτίβο,3.99
7699,νευρικό,3.99
7700,νηπιαγωγείο,3.99
7701,νοτίου,3.99
7702,νόσοσ,3.99
7703,οακα,3.99
7704,οικονομικού,3.99
7705,ολοένα,3.99
7706,ορισμό,3.99
7707,οστών,3.99
7708,οφειλέσ,3.99
7709,πάροδο,3.99
7710,παλιόσ,3.99
7711,παράπονα,3.99
7712,παραδοθεί,3.99
7713,περιορίζεται,3.99
7714,περιορισμούσ,3.99
7715,περισσοτερα,3.99
7716,πετσέτα,3.99
7717,πιάνω,3.99
7718,πολη,3.99
7719,πολλαπλέσ,3.99
7720,πραγματοποιεί,3.99
7721,προκαλέσουν,3.99
7722,προοδευτική,3.99
7723,προσφέρουμε,3.99
7724,προϋπολογισμού,3.99
7725,πρωταθλητή,3.99
7726,πώ,3.99
7727,ράδιο,3.99
7728,ρέι,3.99
7729,ρίξε,3.99
7730,ρίχνουν,3.99
7731,ραγδαία,3.99
7732,σήματοσ,3.99
7733,σαουδική,3.99
7734,σεισ,3.99
7735,σελήνησ,3.99
7736,σεμινάρια,3.99
7737,σημαίεσ,3.99
7738,σημαντικών,3.99
7739,σκάκι,3.99
7740,σοκολάτασ,3.99
7741,σταθεί,3.99
7742,στρατιώτη,3.99
7743,στρατόπεδα,3.99
7744,συγκίνηση,3.99
7745,συζήτησησ,3.99
7746,συλλαλητήριο,3.99
7747,συνάντησησ,3.99
7748,συναισθήματά,3.99
7749,σχεδιαστεί,3.99
7750,τεχνικόσ,3.99
7751,τηλεφωνική,3.99
7752,τιμά,3.99
7753,τράβηξε,3.99
7754,τρέξει,3.99
7755,τραγουδάει,3.99
7756,τριήμερο,3.99
7757,τροφήσ,3.99
7758,υποδομήσ,3.99
7759,υποψήφιο,3.99
7760,φάληρο,3.99
7761,φαίνεσαι,3.99
7762,φανταστώ,3.99
7763,φιλε,3.99
7764,φιλοξενίασ,3.99
7765,φορεσ,3.99
7766,φορτηγά,3.99
7767,φράσεισ,3.99
7768,φτιάξε,3.99
7769,φτιάχνεισ,3.99
7770,χαίρεσαι,3.99
7771,χε,3.99
7772,χριστιανική,3.99
7773,χόλιγουντ,3.99
7774,ψυχολογικά,3.99
7775,ύφασμα,3.99
7776,ώμουσ,3.99
7777,άρτα,3.98
7778,άστρα,3.98
7779,έβγαλαν,3.98
7780,έγραψαν,3.98
7781,ααα,3.98
7782,αγαπη,3.98
7783,αγροτικέσ,3.98
7784,αδελφού,3.98
7785,αεροπορική,3.98
7786,ακουστεί,3.98
7787,αλέξανδρου,3.98
7788,αλεξίου,3.98
7789,αλεξανδρούπολη,3.98
7790,αλληλογραφία,3.98
7791,αναλαμβάνω,3.98
7792,αναμονήσ,3.98
7793,ανεξαρτήτωσ,3.98
7794,αντιμετωπίσουν,3.98
7795,απολογισμόσ,3.98
7796,αποτελέσει,3.98
7797,αριθμών,3.98
7798,αρμοδιότητεσ,3.98
7799,αρνητικέσ,3.98
7800,ατυχήματα,3.98
7801,αυξήσεισ,3.98
7802,αυτοδιοίκησησ,3.98
7803,αυτουσ,3.98
7804,αύξησησ,3.98
7805,βασικών,3.98
7806,βενεζουέλα,3.98
7807,βλεπω,3.98
7808,γαμπρόσ,3.98
7809,γεώργιο,3.98
7810,γιαγιάσ,3.98
7811,γιατρών,3.98
7812,δίδαξε,3.98
7813,δασκάλουσ,3.98
7814,δείξουμε,3.98
7815,δεχθεί,3.98
7816,διάφοροι,3.98
7817,διαγραφή,3.98
7818,διακοπών,3.98
7819,διαπραγματεύσεων,3.98
7820,διαφορετικοί,3.98
7821,δικαιολογίεσ,3.98
7822,δικτατορία,3.98
7823,δοκίμασε,3.98
7824,δύσησ,3.98
7825,δώ,3.98
7826,εθελοντική,3.98
7827,ειδικού,3.98
7828,εισαγωγήσ,3.98
7829,εκδότησ,3.98
7830,εκτάσεισ,3.98
7831,ελλαδασ,3.98
7832,ενέκρινε,3.98
7833,ενημερώνει,3.98
7834,εξυπηρέτηση,3.98
7835,επαγγέλματα,3.98
7836,επαρχίασ,3.98
7837,ερευνητήσ,3.98
7838,ευκολία,3.98
7839,ζεστά,3.98
7840,ηλεκτρονικού,3.98
7841,θεωρείτε,3.98
7842,θυμίζουν,3.98
7843,θυσίεσ,3.98
7844,θωμά,3.98
7845,ιατρικά,3.98
7846,ιδιωτικών,3.98
7847,ισότητα,3.98
7848,κέβιν,3.98
7849,καθηγητών,3.98
7850,καταγράφεται,3.98
7851,καφετέρια,3.98
7852,κρίνω,3.98
7853,κριτήριο,3.98
7854,κυβερνητικέσ,3.98
7855,κυκλάδων,3.98
7856,κωδικούσ,3.98
7857,κόλπου,3.98
7858,κύματοσ,3.98
7859,κύριεσ,3.98
7860,λεγόμενα,3.98
7861,λεκάνη,3.98
7862,λεπτή,3.98
7863,μαζικέσ,3.98
7864,μαθημάτων,3.98
7865,μαλλον,3.98
7866,μαστε,3.98
7867,μεγέθη,3.98
7868,μετακινήσεισ,3.98
7869,μεταμόρφωση,3.98
7870,μεταρρυθμίσεων,3.98
7871,μετοχών,3.98
7872,μισώ,3.98
7873,μνήμεσ,3.98
7874,μουσουλμάνοι,3.98
7875,μπάγερν,3.98
7876,μπακ,3.98
7877,μπαταρίεσ,3.98
7878,μυστικέσ,3.98
7879,νομοσ,3.98
7880,ξ,3.98
7881,ξηρό,3.98
7882,οργανωμένη,3.98
7883,πάνου,3.98
7884,πάπασ,3.98
7885,παρέδωσε,3.98
7886,παραχώρησε,3.98
7887,πεθάνουν,3.98
7888,πιάνεισ,3.98
7889,πλεόνασμα,3.98
7890,πληθώρα,3.98
7891,πλούτου,3.98
7892,ποιητέσ,3.98
7893,πολεμικέσ,3.98
7894,πράξεων,3.98
7895,πρόλαβε,3.98
7896,ρίξουν,3.98
7897,ρούχων,3.98
7898,σεντόνια,3.98
7899,σημείων,3.98
7900,σκέτη,3.98
7901,σκαϊ,3.98
7902,στίβου,3.98
7903,σταγόνεσ,3.98
7904,σταδίου,3.98
7905,σταυρόσ,3.98
7906,συνταγματάρχησ,3.98
7907,σχέδιά,3.98
7908,σύνδεσησ,3.98
7909,τεχνολογίεσ,3.98
7910,τζένη,3.98
7911,τζωρτζ,3.98
7912,τζόνι,3.98
7913,τοποθεσίεσ,3.98
7914,τραβήξει,3.98
7915,τόνοι,3.98
7916,υποδομέσ,3.98
7917,υποτροφία,3.98
7918,υποχώρηση,3.98
7919,υποψίεσ,3.98
7920,φλασ,3.98
7921,φτώχειασ,3.98
7922,φυγή,3.98
7923,φόβουσ,3.98
7924,χάουαρντ,3.98
7925,χάρβαρντ,3.98
7926,χρησιμοποιήσουμε,3.98
7927,χωράει,3.98
7928,ψηφίσουν,3.98
7929,άκρεσ,3.97
7930,άμεσο,3.97
7931,ήσυχη,3.97
7932,αγοράζει,3.97
7933,αδύνατη,3.97
7934,αεροσκαφών,3.97
7935,αλήθειεσ,3.97
7936,ανάλογο,3.97
7937,αναζητώντασ,3.97
7938,αναπτύσσονται,3.97
7939,ανθρωποι,3.97
7940,αντοχή,3.97
7941,αντρών,3.97
7942,αξιωματικών,3.97
7943,απασχόληση,3.97
7944,απευθύνεται,3.97
7945,αποκαλύπτεται,3.97
7946,αποκαλύψεισ,3.97
7947,αποκατάστασησ,3.97
7948,αποσπάσματα,3.97
7949,αποφασίστηκε,3.97
7950,αποφαση,3.97
7951,αρχίζεισ,3.97
7952,αφεντικά,3.97
7953,βαρκελώνη,3.97
7954,βουλγαρίασ,3.97
7955,βότκα,3.97
7956,γάντια,3.97
7957,γκόρντον,3.97
7958,γραμμάτων,3.97
7959,γυμνό,3.97
7960,γυρίσουμε,3.97
7961,δέλτα,3.97
7962,δαίμονεσ,3.97
7963,δανείων,3.97
7964,δεκέμβριοσ,3.97
7965,δελτία,3.97
7966,διαμονή,3.97
7967,διεκδικεί,3.97
7968,διεξαχθεί,3.97
7969,δικο,3.97
7970,δον,3.97
7971,δούλεψε,3.97
7972,δυστυχία,3.97
7973,εγχείρημα,3.97
7974,εγχειρίδιο,3.97
7975,εικόνων,3.97
7976,εκδίδεται,3.97
7977,ελίζαμπεθ,3.97
7978,εναλλακτικέσ,3.97
7979,εξαρτώνται,3.97
7980,επιθυμείσ,3.97
7981,επικίνδυνοσ,3.97
7982,επιπρόσθετα,3.97
7983,ευγενικά,3.97
7984,ζήτηση,3.97
7985,θάνοσ,3.97
7986,θέλησε,3.97
7987,θεε,3.97
7988,θεωρείσ,3.97
7989,ιανουάριοσ,3.97
7990,ικανό,3.97
7991,ιστού,3.97
7992,κάμερον,3.97
7993,κέρδισαν,3.97
7994,καθαρίσει,3.97
7995,καθημερινήσ,3.97
7996,καλοκαιρινή,3.97
7997,κατέστρεψαν,3.97
7998,καταστροφική,3.97
7999,καταφέραμε,3.97
8000,καταφέρεισ,3.97
8001,κατεβάστε,3.97
8002,κατεβαίνει,3.97
8003,κινέζοι,3.97
8004,κλάδοσ,3.97
8005,κουδούνι,3.97
8006,κυρια,3.97
8007,κώλοσ,3.97
8008,λιοντάρι,3.97
8009,μαμα,3.97
8010,μανία,3.97
8011,μαραθώνα,3.97
8012,μελίνα,3.97
8013,μετάδοσησ,3.97
8014,μνημονίου,3.97
8015,μουσικόσ,3.97
8016,μπλουζάκι,3.97
8017,μπόρεσαν,3.97
8018,μύθοι,3.97
8019,νβα,3.97
8020,νικήτρια,3.97
8021,ξυπνήσεισ,3.97
8022,ξυπνήσω,3.97
8023,οχτώ,3.97
8024,πάρκου,3.97
8025,πάσησ,3.97
8026,πέταξαν,3.97
8027,παθήσεισ,3.97
8028,πακιστάν,3.97
8029,παλιάσ,3.97
8030,παπά,3.97
8031,παπανικολάου,3.97
8032,παππά,3.97
8033,παράστασησ,3.97
8034,πεί,3.97
8035,πιθανέσ,3.97
8036,πιστευω,3.97
8037,πλάκασ,3.97
8038,πληρώσεισ,3.97
8039,πραγματοποιούνται,3.97
8040,προσοχη,3.97
8041,πυροβόλησε,3.97
8042,ρώσουσ,3.97
8043,σάντα,3.97
8044,σεν,3.97
8045,σημαίνουν,3.97
8046,σκούρο,3.97
8047,σταματήσεισ,3.97
8048,στόλου,3.97
8049,συγκεκριμένου,3.97
8050,συλλογέσ,3.97
8051,συμφωνήσει,3.97
8052,συνέδρια,3.97
8053,συνεισφορά,3.97
8054,συνεχίζεισ,3.97
8055,συνταγματάρχη,3.97
8056,συντριβή,3.97
8057,σχεδιάσει,3.97
8058,σωτήρησ,3.97
8059,σύντροφοσ,3.97
8060,ταξιδέψει,3.97
8061,ταχυδρομείο,3.97
8062,τεχνητή,3.97
8063,τεχνικήσ,3.97
8064,τηλεοπτικήσ,3.97
8065,τηλεοπτικών,3.97
8066,τιμητική,3.97
8067,τρομερό,3.97
8068,φάκελοσ,3.97
8069,φέρουμε,3.97
8070,φίλιπ,3.97
8071,φαινεται,3.97
8072,φιλαδέλφεια,3.97
8073,φορέων,3.97
8074,φτάσω,3.97
8075,χειροπέδεσ,3.97
8076,χτυπήματα,3.97
8077,ψεύτησ,3.97
8078,ύδατα,3.97
8079,άγνοια,3.96
8080,άλεξ,3.96
8081,άνεση,3.96
8082,έβγαζε,3.96
8083,έβγαινε,3.96
8084,έβρου,3.96
8085,έγινεσ,3.96
8086,έλεγχοι,3.96
8087,έτοιμεσ,3.96
8088,ήθοσ,3.96
8089,αγάπησα,3.96
8090,αγωνιστέσ,3.96
8091,αδειών,3.96
8092,αδελφοί,3.96
8093,αιώνων,3.96
8094,αμάν,3.96
8095,αναγκαστικά,3.96
8096,ανακάλυψα,3.96
8097,αναστασιάδησ,3.96
8098,ανατολικό,3.96
8099,ανοίξτε,3.96
8100,ανοιξε,3.96
8101,αντιστοιχούν,3.96
8102,ανόρθωση,3.96
8103,αυξήσει,3.96
8104,βασισμένη,3.96
8105,βοηθήσω,3.96
8106,βολέσ,3.96
8107,βράχια,3.96
8108,βρέφοσ,3.96
8109,βυζαντινή,3.96
8110,γένουσ,3.96
8111,γαλλικήσ,3.96
8112,γερουσιαστήσ,3.96
8113,δέχονται,3.96
8114,δίνονται,3.96
8115,δείχνω,3.96
8116,δηλαδη,3.96
8117,δημοσιεύει,3.96
8118,διαβάζουν,3.96
8119,διδάξει,3.96
8120,δικήσ,3.96
8121,δικαιοδοσία,3.96
8122,δικαιούνται,3.96
8123,δούλευε,3.96
8124,δύναμή,3.96
8125,εκτιμούν,3.96
8126,ενθουσιασμό,3.96
8127,εντοπισμό,3.96
8128,εντυπωσιακά,3.96
8129,ενφια,3.96
8130,εξαιρετικέσ,3.96
8131,επίβλεψη,3.96
8132,επιβάλλεται,3.96
8133,επιθετικόσ,3.96
8134,ερμή,3.96
8135,ζώδιο,3.96
8136,ηθοποιούσ,3.96
8137,ηρώων,3.96
8138,θεσμοί,3.96
8139,θρησκείασ,3.96
8140,ιερή,3.96
8141,ιππότησ,3.96
8142,ιωσήφ,3.96
8143,κάλπεσ,3.96
8144,κανενα,3.96
8145,κανονισμούσ,3.96
8146,καπνό,3.96
8147,κατέληξαν,3.96
8148,κατασκευαστέσ,3.96
8149,κατοικιών,3.96
8150,καυτή,3.96
8151,κελί,3.96
8152,κεριά,3.96
8153,κεφαλαίου,3.96
8154,κιλών,3.96
8155,κινηματογραφική,3.96
8156,κινητοποίηση,3.96
8157,κοιμήθηκα,3.96
8158,κοιτάτε,3.96
8159,κομοτηνή,3.96
8160,κραγιόν,3.96
8161,κριτικήσ,3.96
8162,κότα,3.96
8163,λάρνακα,3.96
8164,λέξησ,3.96
8165,λασ,3.96
8166,λεγόμενο,3.96
8167,λευκάδα,3.96
8168,λευκού,3.96
8169,λεωνίδασ,3.96
8170,λούισ,3.96
8171,μέσον,3.96
8172,μέταλλα,3.96
8173,μίλαν,3.96
8174,μαμάσ,3.96
8175,μανώλη,3.96
8176,μαρξ,3.96
8177,μεγαλο,3.96
8178,μειωμένη,3.96
8179,μεσολόγγι,3.96
8180,μεταρρύθμισησ,3.96
8181,μονοπάτια,3.96
8182,ξεχωριστέσ,3.96
8183,οικόπεδο,3.96
8184,ολοκλήρου,3.96
8185,ολοκληρώνεται,3.96
8186,πάτησε,3.96
8187,πέτρο,3.96
8188,παγωμένο,3.96
8189,παντελή,3.96
8190,παντελόνια,3.96
8191,παπαδοπούλου,3.96
8192,παράλληλη,3.96
8193,παραγόντων,3.96
8194,παραμείνουν,3.96
8195,παραμικρή,3.96
8196,πατ,3.96
8197,πατήσει,3.96
8198,πεθάνεισ,3.96
8199,πειρατέσ,3.96
8200,περπάτημα,3.96
8201,πετάνε,3.96
8202,πλήρουσ,3.96
8203,πνευματικά,3.96
8204,ποιητική,3.96
8205,προηγείται,3.96
8206,προπαγάνδασ,3.96
8207,προσκήνιο,3.96
8208,προσφυγή,3.96
8209,προχωρήσουμε,3.96
8210,πρωταγωνιστήσ,3.96
8211,πόλεωσ,3.96
8212,ρομαντική,3.96
8213,σεραφείμ,3.96
8214,σηκώνει,3.96
8215,σημερινέσ,3.96
8216,σταγόνα,3.96
8217,στιβ,3.96
8218,στρατιωτικήσ,3.96
8219,συγχρόνωσ,3.96
8220,συλληφθεί,3.96
8221,συναίνεση,3.96
8222,συστηματικά,3.96
8223,σχεδίαση,3.96
8224,σύγχρονων,3.96
8225,σύμφωνο,3.96
8226,σύνδεσμοι,3.96
8227,σύρου,3.96
8228,τακτικέσ,3.96
8229,τζέιν,3.96
8230,τομή,3.96
8231,τοπία,3.96
8232,τουριστικό,3.96
8233,τραπέζια,3.96
8234,τραυματισμό,3.96
8235,τρισ,3.96
8236,τυπικό,3.96
8237,τυχερό,3.96
8238,τὸν,3.96
8239,υποψηφίων,3.96
8240,φάρσα,3.96
8241,φίδι,3.96
8242,φεβρουάριοσ,3.96
8243,φθάνει,3.96
8244,φιγούρα,3.96
8245,φτάσεισ,3.96
8246,φτιάξετε,3.96
8247,φυλέσ,3.96
8248,φόρεσε,3.96
8249,χεράκι,3.96
8250,χοντρή,3.96
8251,χρησιμοποίησαν,3.96
8252,χρηστών,3.96
8253,χωράφι,3.96
8254,όραση,3.96
8255,ύψη,3.96
8256,άλλοθι,3.95
8257,άννασ,3.95
8258,άριστα,3.95
8259,άφηνε,3.95
8260,έδινα,3.95
8261,ήλθε,3.95
8262,ήσυχα,3.95
8263,αγαθών,3.95
8264,αδιαφορία,3.95
8265,αεροπορία,3.95
8266,αεροσκάφουσ,3.95
8267,αιώνασ,3.95
8268,ακριβέσ,3.95
8269,ανακαλύφθηκε,3.95
8270,αναπτύχθηκε,3.95
8271,αναρωτιέσαι,3.95
8272,αναστασιάδη,3.95
8273,ανοίξεισ,3.95
8274,ανοιχτέσ,3.95
8275,ανταγωνισμό,3.95
8276,αντικειμένου,3.95
8277,αντόνιο,3.95
8278,απαλά,3.95
8279,απόδραση,3.95
8280,αριστοτέλη,3.95
8281,αρκετα,3.95
8282,αρνηθεί,3.95
8283,αρχαιοτήτων,3.95
8284,ασημένιο,3.95
8285,αστικά,3.95
8286,αστικήσ,3.95
8287,αστυνομικέσ,3.95
8288,ασχολούμαι,3.95
8289,αυτεσ,3.95
8290,αφενόσ,3.95
8291,γέροσ,3.95
8292,γέφυρεσ,3.95
8293,γκάζι,3.95
8294,γρηγορα,3.95
8295,δίασ,3.95
8296,δασών,3.95
8297,δείκτεσ,3.95
8298,δημοσιεύσεισ,3.95
8299,δημοτικών,3.95
8300,δημοψηφίσματοσ,3.95
8301,διάλυμα,3.95
8302,διαιτητήσ,3.95
8303,διατηρείται,3.95
8304,διεύθυνσησ,3.95
8305,δοκιμάσω,3.95
8306,δουλεία,3.95
8307,δράστη,3.95
8308,δυνατοί,3.95
8309,δυτικού,3.95
8310,δωρεαν,3.95
8311,εγκυμοσύνησ,3.95
8312,εκφράζεται,3.95
8313,εμφανίζουν,3.95
8314,εξωτερικέσ,3.95
8315,επέβαλε,3.95
8316,επίθετο,3.95
8317,επιβάλλει,3.95
8318,επιτύχει,3.95
8319,εργασιασ,3.95
8320,εργατικού,3.95
8321,ευημερία,3.95
8322,θάλαμο,3.95
8323,θεοδωράκη,3.95
8324,θεοδωράκησ,3.95
8325,θησαυρόσ,3.95
8326,ικανοί,3.95
8327,ισαάκ,3.95
8328,καεί,3.95
8329,καθημερινέσ,3.95
8330,καινοτομία,3.95
8331,κατανοητό,3.95
8332,κινητήρεσ,3.95
8333,κρύβουν,3.95
8334,κυπριακού,3.95
8335,κυριάκου,3.95
8336,κόψε,3.95
8337,λάβουν,3.95
8338,λήγει,3.95
8339,λιπαρά,3.95
8340,λουκά,3.95
8341,μάθησησ,3.95
8342,μακρόν,3.95
8343,ματια,3.95
8344,μετακόμισε,3.95
8345,μπάλεσ,3.95
8346,μπήκαμε,3.95
8347,μπαμ,3.95
8348,νίκαια,3.95
8349,ναυάγιο,3.95
8350,ντρέπεσαι,3.95
8351,νόμιμα,3.95
8352,ξύλινο,3.95
8353,οδήγηση,3.95
8354,οικισμού,3.95
8355,οικονόμου,3.95
8356,ομιλίεσ,3.95
8357,ορισμένουσ,3.95
8358,ουράνιο,3.95
8359,παππάσ,3.95
8360,παροχήσ,3.95
8361,περίφημο,3.95
8362,πι,3.95
8363,πιθανά,3.95
8364,πιστέψω,3.95
8365,πράκτορασ,3.95
8366,προσανατολισμό,3.95
8367,προσπαθήσουμε,3.95
8368,πρωταγωνίστρια,3.95
8369,πόνου,3.95
8370,ρίξτε,3.95
8371,ρίχνεισ,3.95
8372,ριμπάουντ,3.95
8373,ρόδοσ,3.95
8374,σβήσει,3.95
8375,σηκώσει,3.95
8376,σιγουρα,3.95
8377,σκεφτόμουν,3.95
8378,σκοτώσω,3.95
8379,σον,3.95
8380,σπήλαιο,3.95
8381,συμμάχουσ,3.95
8382,συμμετάσχουν,3.95
8383,συμφωνείτε,3.95
8384,συνιστά,3.95
8385,συνοδεύεται,3.95
8386,συνομιλία,3.95
8387,συνταγματική,3.95
8388,συνταξιούχουσ,3.95
8389,συντρόφουσ,3.95
8390,σωκράτη,3.95
8391,σύμβουλο,3.95
8392,τάφοσ,3.95
8393,τέτοιοσ,3.95
8394,τίτλων,3.95
8395,τζαζ,3.95
8396,τραγουδιστή,3.95
8397,τσσκα,3.95
8398,υποφέρει,3.95
8399,φέτα,3.95
8400,φιλοξενήσει,3.95
8401,φιλοξενία,3.95
8402,φτιάχνουμε,3.95
8403,χαρακτηρίζονται,3.95
8404,χημικέσ,3.95
8405,χορεύει,3.95
8406,χρωστάει,3.95
8407,ώθηση,3.95
8408,έφαγεσ,3.94
8409,έφτιαξαν,3.94
8410,αγγελία,3.94
8411,αγωνίζονται,3.94
8412,αγωνίστηκε,3.94
8413,αγωνιστικό,3.94
8414,αιτήματα,3.94
8415,ακουστικά,3.94
8416,ακούσαμε,3.94
8417,αναμφίβολα,3.94
8418,αναστάτωση,3.94
8419,ανεξαρτησίασ,3.94
8420,ανθρωποσ,3.94
8421,αντίστροφη,3.94
8422,αντιμετώπισησ,3.94
8423,αντιπροσωπεία,3.94
8424,αξιωματικούσ,3.94
8425,απέρριψε,3.94
8426,απαντάσ,3.94
8427,απαράδεκτο,3.94
8428,απασχόλησησ,3.94
8429,αποδεικνύουν,3.94
8430,αποκαλύψει,3.94
8431,αποκλειστικό,3.94
8432,απολογισμό,3.94
8433,αποστόλου,3.94
8434,αποτελεσματικότητα,3.94
8435,αποχή,3.94
8436,απόρριψη,3.94
8437,αρεσει,3.94
8438,αρώματα,3.94
8439,ασεπ,3.94
8440,βιολί,3.94
8441,βούλα,3.94
8442,βρεθούμε,3.94
8443,βρετανικό,3.94
8444,βρύση,3.94
8445,γείτονα,3.94
8446,γεγονότοσ,3.94
8447,γειτονιέσ,3.94
8448,γειτονικέσ,3.94
8449,γιορτάζει,3.94
8450,γλέντι,3.94
8451,γνωρίσεισ,3.94
8452,γνώριζαν,3.94
8453,γουέστ,3.94
8454,γραμμάρια,3.94
8455,δημοσιεύματα,3.94
8456,διαβήτη,3.94
8457,διαδήλωση,3.94
8458,διαθέσιμεσ,3.94
8459,διακριτικά,3.94
8460,διασκεδαστικό,3.94
8461,διατηρηθεί,3.94
8462,διαφωνία,3.94
8463,δσ,3.94
8464,ειδα,3.94
8465,εκπέμπει,3.94
8466,ενεργή,3.94
8467,ενοχέσ,3.94
8468,εξηγήσω,3.94
8469,εοπυυ,3.94
8470,επέκτασησ,3.94
8471,επιμονή,3.94
8472,επισκέπτεται,3.94
8473,επιφάνειεσ,3.94
8474,επιχείρησε,3.94
8475,επώνυμο,3.94
8476,ερωτικέσ,3.94
8477,ευρωπαίων,3.94
8478,εφιάλτη,3.94
8479,ηλεκτρικά,3.94
8480,ηλιοβασίλεμα,3.94
8481,θαλάσσησ,3.94
8482,ιδιωτικού,3.94
8483,καθενόσ,3.94
8484,καθορίζεται,3.94
8485,καθόταν,3.94
8486,καλλιτεχνικό,3.94
8487,καναλιών,3.94
8488,καπ,3.94
8489,κατέβασε,3.94
8490,κατευθύνσεισ,3.94
8491,καυσίμου,3.94
8492,κερδίσουμε,3.94
8493,κοινόσ,3.94
8494,κολύμβηση,3.94
8495,κορυφαίεσ,3.94
8496,κοσμοσ,3.94
8497,κρίστιαν,3.94
8498,κρατικών,3.94
8499,κρούσματα,3.94
8500,κυμαίνεται,3.94
8501,κόκκινεσ,3.94
8502,λέστερ,3.94
8503,λειτουργούσε,3.94
8504,λιγότερεσ,3.94
8505,λωρίδα,3.94
8506,μεγάλωσα,3.94
8507,μισθόσ,3.94
8508,μοίρασ,3.94
8509,μοναχόσ,3.94
8510,μυστήρια,3.94
8511,μωράκι,3.94
8512,νέλσον,3.94
8513,νεκρού,3.94
8514,ντικ,3.94
8515,ντιν,3.94
8516,ντόπιουσ,3.94
8517,ξένοσ,3.94
8518,ξεκινήσουν,3.94
8519,ξεπερνούν,3.94
8520,ξεχάσετε,3.94
8521,ξύπνα,3.94
8522,ολοκαύτωμα,3.94
8523,ολοκληρωτικά,3.94
8524,ομοσπονδιακή,3.94
8525,ονομάζονται,3.94
8526,οπαδόσ,3.94
8527,ορθή,3.94
8528,οχυρό,3.94
8529,πάρκα,3.94
8530,παπαδόπουλου,3.94
8531,παράγονται,3.94
8532,παράτησε,3.94
8533,παρατήσω,3.94
8534,παρει,3.94
8535,πατήστε,3.94
8536,περιπτώσεων,3.94
8537,πετάω,3.94
8538,πηγάδι,3.94
8539,πληροφορίασ,3.94
8540,πληρώσετε,3.94
8541,πουλάνε,3.94
8542,προάστια,3.94
8543,προνόμια,3.94
8544,προνόμιο,3.94
8545,προσκλήσεισ,3.94
8546,πρωταγωνιστή,3.94
8547,πρωτεύουσασ,3.94
8548,πρόστιμα,3.94
8549,ρίξεισ,3.94
8550,σέβονται,3.94
8551,σακούλεσ,3.94
8552,σαντορίνη,3.94
8553,στυλό,3.94
8554,συγκεκριμένησ,3.94
8555,συγκεντρώνει,3.94
8556,συλλογική,3.94
8557,συνεργασίεσ,3.94
8558,συνολικήσ,3.94
8559,συντομότερο,3.94
8560,συχνέσ,3.94
8561,σφυρί,3.94
8562,σχολικό,3.94
8563,ταράτσα,3.94
8564,τελείωσα,3.94
8565,τερμάτισε,3.94
8566,τοπ,3.94
8567,τριάδα,3.94
8568,τρια,3.94
8569,τρομερά,3.94
8570,τροποποίηση,3.94
8571,τύψεισ,3.94
8572,υπολείμματα,3.94
8573,υψηλών,3.94
8574,φαντάσματα,3.94
8575,φορέσει,3.94
8576,φτάνοντασ,3.94
8577,χάλι,3.94
8578,χίλιεσ,3.94
8579,χαζό,3.94
8580,χαρακτηριστεί,3.94
8581,χημική,3.94
8582,χοιρινό,3.94
8583,χριστέ,3.94
8584,χτίστηκε,3.94
8585,χωρα,3.94
8586,ψευδώνυμο,3.94
8587,ψεύτικα,3.94
8588,ψηλό,3.94
8589,ψηφίσει,3.94
8590,ψυχολογική,3.94
8591,ἐν,3.94
8592,έζησα,3.93
8593,έλλη,3.93
8594,έφτασα,3.93
8595,ί,3.93
8596,αέρια,3.93
8597,αγοράζουν,3.93
8598,αγοράσουν,3.93
8599,αιμορραγία,3.93
8600,ακολουθώ,3.93
8601,ακούνε,3.93
8602,αμερικάνοι,3.93
8603,αναγκαίο,3.93
8604,αναγνώστεσ,3.93
8605,αναπαράσταση,3.93
8606,αντίπαλοι,3.93
8607,απέδειξε,3.93
8608,απέναντί,3.93
8609,απολαύσεισ,3.93
8610,αρείου,3.93
8611,αρχίσαμε,3.93
8612,ατάκα,3.93
8613,ατομικέσ,3.93
8614,αφοσίωση,3.93
8615,βίαια,3.93
8616,βγάλετε,3.93
8617,βελτιώσεισ,3.93
8618,βολεύει,3.93
8619,βούληση,3.93
8620,γάλακτοσ,3.93
8621,γειτονιάσ,3.93
8622,γεμάτεσ,3.93
8623,γιανγκ,3.93
8624,γιουσ,3.93
8625,γιό,3.93
8626,γρηγόρη,3.93
8627,δίδυμο,3.93
8628,δα,3.93
8629,δαπάνη,3.93
8630,δεδομένη,3.93
8631,δεξιάσ,3.93
8632,δημοσκοπήσεισ,3.93
8633,δημόσιου,3.93
8634,διάσκεψη,3.93
8635,διακρίνονται,3.93
8636,διαπραγμάτευσησ,3.93
8637,διαρκείασ,3.93
8638,διοργανώνεται,3.93
8639,διπλανό,3.93
8640,εγκρίνει,3.93
8641,εκκένωση,3.93
8642,εκκλησιαστική,3.93
8643,ενηλίκων,3.93
8644,ενισχύσει,3.93
8645,εννοούμε,3.93
8646,ενότητεσ,3.93
8647,εξαφανίζεται,3.93
8648,επίσημεσ,3.93
8649,επαναφορά,3.93
8650,επενδύσεων,3.93
8651,επώνυμα,3.93
8652,ερμηνείεσ,3.93
8653,ερωμένη,3.93
8654,ετοιμαστείτε,3.93
8655,ευγενική,3.93
8656,ευρύτερησ,3.93
8657,ευτυχισμένο,3.93
8658,εύρεση,3.93
8659,ζακύνθου,3.93
8660,ζηλεύω,3.93
8661,ζητείται,3.93
8662,ιδιωτικέσ,3.93
8663,ικανότητά,3.93
8664,ιταλικήσ,3.93
8665,καθαρόσ,3.93
8666,καλύπτεται,3.93
8667,κατασταση,3.93
8668,κεντ,3.93
8669,κλάουσ,3.93
8670,κλέφτησ,3.93
8671,κλίντον,3.93
8672,κοιτάξει,3.93
8673,κοντα,3.93
8674,κουτιά,3.93
8675,κρατικέσ,3.93
8676,κρεβάτια,3.93
8677,κρεμμύδι,3.93
8678,κυβερνήσεων,3.93
8679,λεγα,3.93
8680,λουκ,3.93
8681,μέι,3.93
8682,μαθηματική,3.93
8683,μελλοντική,3.93
8684,μεταφορικά,3.93
8685,μιλήστε,3.93
8686,μιλούσαν,3.93
8687,μοντέρνα,3.93
8688,μορφών,3.93
8689,μπανιέρα,3.93
8690,μπασ,3.93
8691,μπελ,3.93
8692,μπροστινό,3.93
8693,νικόλαο,3.93
8694,ντομάτα,3.93
8695,νόμιζε,3.93
8696,ξηρά,3.93
8697,οδηγώντασ,3.93
8698,ομολογώ,3.93
8699,οξέα,3.93
8700,οριζόντια,3.93
8701,οριστεί,3.93
8702,πέμπτο,3.93
8703,πέτυχαν,3.93
8704,παλεύει,3.93
8705,παράνομεσ,3.93
8706,παραγγελίεσ,3.93
8707,παύση,3.93
8708,περίπατο,3.93
8709,περασμένο,3.93
8710,περιέργεια,3.93
8711,περιγράφονται,3.93
8712,περνώντασ,3.93
8713,πετάξουμε,3.93
8714,πιεσ,3.93
8715,πινακίδα,3.93
8716,πιστοποιητικό,3.93
8717,πληρωμέσ,3.93
8718,ποίησησ,3.93
8719,πολεμικά,3.93
8720,πολεμικού,3.93
8721,πολιτιστικόσ,3.93
8722,πολλαπλών,3.93
8723,πολυτεχνείου,3.93
8724,πραγματικέσ,3.93
8725,προηγούμενου,3.93
8726,προκύψει,3.93
8727,προσγείωση,3.93
8728,προσπάθησα,3.93
8729,προσφυγικό,3.93
8730,πτυχέσ,3.93
8731,πόρισμα,3.93
8732,ρέστα,3.93
8733,ρικ,3.93
8734,ρολόγια,3.93
8735,σάββα,3.93
8736,σειρα,3.93
8737,σκεφτούμε,3.93
8738,σοβαρότητα,3.93
8739,στέμμα,3.93
8740,σταύρου,3.93
8741,στερεά,3.93
8742,στρεσ,3.93
8743,συγγραφή,3.93
8744,συνδεθεί,3.93
8745,συντήρησησ,3.93
8746,σύγκρουσησ,3.93
8747,σύλλογοι,3.93
8748,τήνου,3.93
8749,ταβέρνα,3.93
8750,ταξίδεψε,3.93
8751,ταξιδεύουν,3.93
8752,τοίχοσ,3.93
8753,τούμπα,3.93
8754,τρομοκρατίασ,3.93
8755,τρόμο,3.93
8756,τσι,3.93
8757,τύχει,3.93
8758,υφίστανται,3.93
8759,υψηλότερα,3.93
8760,φαράγγι,3.93
8761,φοράνε,3.93
8762,φωτογραφικό,3.93
8763,φόρμουλα,3.93
8764,φύσεωσ,3.93
8765,χαίρεται,3.93
8766,χαλαρά,3.93
8767,χαμηλού,3.93
8768,χιούστον,3.93
8769,χρησιμοποιείσ,3.93
8770,χρησιμοποιείτε,3.93
8771,ψευδαίσθηση,3.93
8772,ωράριο,3.93
8773,όρθια,3.93
8774,άντριου,3.92
8775,άρθρου,3.92
8776,έγραψεσ,3.92
8777,έκλειψη,3.92
8778,έξυπνοι,3.92
8779,έπαθλο,3.92
8780,έπαιζαν,3.92
8781,έπεισε,3.92
8782,ίση,3.92
8783,αγαπήσει,3.92
8784,αδερφού,3.92
8785,αδικία,3.92
8786,αερίων,3.92
8787,αεροπορικέσ,3.92
8788,ακομη,3.92
8789,ακουσα,3.92
8790,ακούσουν,3.92
8791,ακρόαση,3.92
8792,ακτινοβολίασ,3.92
8793,αλεύρι,3.92
8794,αλλαγών,3.92
8795,αμερικανών,3.92
8796,αναγκάστηκε,3.92
8797,ανεξάρτητοσ,3.92
8798,αντίστροφα,3.92
8799,αντιμετωπίζουμε,3.92
8800,αντιμετώπισε,3.92
8801,απαντούν,3.92
8802,απε,3.92
8803,αποτελεσματικό,3.92
8804,αρμονία,3.92
8805,αρνούνται,3.92
8806,αρχείου,3.92
8807,αυτόνομη,3.92
8808,βάσεων,3.92
8809,βίκυ,3.92
8810,βακτήρια,3.92
8811,βασίλισσασ,3.92
8812,βασανιστήρια,3.92
8813,βεβαια,3.92
8814,βρετανοί,3.92
8815,γένοσ,3.92
8816,γελάει,3.92
8817,γεύματα,3.92
8818,γιονγκ,3.92
8819,γιόσ,3.92
8820,γυμνόσ,3.92
8821,γόνατο,3.92
8822,διανομήσ,3.92
8823,διατηρώντασ,3.92
8824,διοικητικά,3.92
8825,διονύσησ,3.92
8826,εγκαίρωσ,3.92
8827,εγκαταστάσεων,3.92
8828,εκστρατείασ,3.92
8829,εμβόλιο,3.92
8830,εμπ,3.92
8831,ενοσ,3.92
8832,εξάμηνο,3.92
8833,εξήντα,3.92
8834,εξαγωγέσ,3.92
8835,εξαγωγή,3.92
8836,εξηγείται,3.92
8837,επίσκοποσ,3.92
8838,επαναφέρει,3.92
8839,επικοινωνίεσ,3.92
8840,επιτίθεται,3.92
8841,εργάστηκε,3.92
8842,εργαστεί,3.92
8843,εργατών,3.92
8844,ευρύτερο,3.92
8845,ευχάριστα,3.92
8846,ευχόμαστε,3.92
8847,εφαρμογών,3.92
8848,εφαρμοστεί,3.92
8849,ηξερα,3.92
8850,θεσμού,3.92
8851,θωμάσ,3.92
8852,θύελλα,3.92
8853,ιατρόσ,3.92
8854,ιστοσελίδεσ,3.92
8855,κίνητρα,3.92
8856,κακοί,3.92
8857,κακοποίηση,3.92
8858,καλοκαίρια,3.92
8859,καλύτερησ,3.92
8860,κατέρρευσε,3.92
8861,κεντρικόσ,3.92
8862,κλάδουσ,3.92
8863,κοινωνίεσ,3.92
8864,κολύμπι,3.92
8865,κορινθίασ,3.92
8866,κουμάντο,3.92
8867,κουράστηκα,3.92
8868,κρίνεται,3.92
8869,κωνσταντίνα,3.92
8870,κύκλοι,3.92
8871,λίστασ,3.92
8872,λίτρα,3.92
8873,λακωνίασ,3.92
8874,λεμεσό,3.92
8875,λιγότερη,3.92
8876,λογότυπο,3.92
8877,μάντεψε,3.92
8878,μάριο,3.92
8879,μήν,3.92
8880,μίλερ,3.92
8881,μαχαίρια,3.92
8882,μερικών,3.92
8883,μισθών,3.92
8884,μπέικον,3.92
8885,μπίλι,3.92
8886,μπορέσουν,3.92
8887,μπροστα,3.92
8888,ντιέγκο,3.92
8889,ντόπιοι,3.92
8890,νυχτερινή,3.92
8891,οδηγούσ,3.92
8892,οικισμό,3.92
8893,ολόκληρα,3.92
8894,οργανωμένο,3.92
8895,πάσχει,3.92
8896,πάφου,3.92
8897,παιδικού,3.92
8898,παλιού,3.92
8899,παρακολουθούμε,3.92
8900,παρασκήνιο,3.92
8901,πεποίθηση,3.92
8902,περιστάσεισ,3.92
8903,περιφερειακέσ,3.92
8904,πλήγμα,3.92
8905,πληρώνουμε,3.92
8906,πληρώσω,3.92
8907,πνεύματα,3.92
8908,ποινικό,3.92
8909,προβάλλεται,3.92
8910,προχωρά,3.92
8911,πρωτοβουλίεσ,3.92
8912,ρωσικήσ,3.92
8913,ρωτήστε,3.92
8914,σεξουαλικά,3.92
8915,σημαντικότερεσ,3.92
8916,σπόρουσ,3.92
8917,συγγενήσ,3.92
8918,συμφωνούμε,3.92
8919,συναρπαστικό,3.92
8920,συνδυάζει,3.92
8921,συνείδησησ,3.92
8922,συνεπάγεται,3.92
8923,συνεχίζοντασ,3.92
8924,συνεχίζω,3.92
8925,σχεδίασε,3.92
8926,σχολιάζει,3.92
8927,σύντροφοι,3.92
8928,τάκη,3.92
8929,τέρατα,3.92
8930,ταξινόμηση,3.92
8931,τελευταίοι,3.92
8932,τετράγωνα,3.92
8933,υπηρετεί,3.92
8934,φάγαμε,3.92
8935,φαρμακευτική,3.92
8936,φασαρία,3.92
8937,φιλαράκια,3.92
8938,φοβόμαστε,3.92
8939,φόρου,3.92
8940,χαμένοσ,3.92
8941,χαρακτηριστικών,3.92
8942,ψηλόσ,3.92
8943,όψει,3.92
8944,άγγελο,3.91
8945,άρσεναλ,3.91
8946,έδωσεσ,3.91
8947,ένστικτο,3.91
8948,αέροσ,3.91
8949,αγγλικήσ,3.91
8950,αεροπορικά,3.91
8951,ακμή,3.91
8952,ακολουθούσε,3.91
8953,αλλ,3.91
8954,αλυσίδασ,3.91
8955,αμερικανικέσ,3.91
8956,αμοιβαία,3.91
8957,απαιτούνται,3.91
8958,αποθήκεσ,3.91
8959,αποικία,3.91
8960,αρχίζω,3.91
8961,ατομικήσ,3.91
8962,αυθεντικό,3.91
8963,αυριο,3.91
8964,βάζοντασ,3.91
8965,βάλαμε,3.91
8966,βίαιη,3.91
8967,βασικοί,3.91
8968,βιέννη,3.91
8969,βιταμίνη,3.91
8970,βρώμικο,3.91
8971,γενετική,3.91
8972,γιαυτό,3.91
8973,γραφτεί,3.91
8974,δεί,3.91
8975,δη,3.91
8976,δηλητήριο,3.91
8977,δημοκρατικήσ,3.91
8978,διάβολοσ,3.91
8979,διαμάντι,3.91
8980,δικη,3.91
8981,δυναμικού,3.91
8982,εκπροσωπεί,3.91
8983,ελληνικούσ,3.91
8984,εμποδίσει,3.91
8985,εναλλακτικά,3.91
8986,ενδυνάμωση,3.91
8987,ενεργοποίηση,3.91
8988,εντατική,3.91
8989,εξαιρετικόσ,3.91
8990,εξελίσσεται,3.91
8991,επέζησε,3.91
8992,επανέρχεται,3.91
8993,επαναστάτεσ,3.91
8994,επιδρομή,3.91
8995,επιδόματα,3.91
8996,επικοινωνήσει,3.91
8997,επισκέπτη,3.91
8998,επιτυγχάνεται,3.91
8999,ζητάνε,3.91
9000,ηγεσίασ,3.91
9001,ηλιακή,3.91
9002,θαυμάσια,3.91
9003,θερμό,3.91
9004,θρησκευμάτων,3.91
9005,ιδρυτήσ,3.91
9006,ικανοποίηση,3.91
9007,ισχυρίζονται,3.91
9008,κάν,3.91
9009,κάτσει,3.91
9010,κίτρινη,3.91
9011,καθίσματα,3.91
9012,καθυστερήσεισ,3.91
9013,καιρο,3.91
9014,καπετάνιοσ,3.91
9015,κατάλληλεσ,3.91
9016,κατέχουν,3.91
9017,καταρρέει,3.91
9018,καταρρεύσει,3.91
9019,κοριτσιών,3.91
9020,κουρτίνεσ,3.91
9021,κρητική,3.91
9022,κρύψει,3.91
9023,κυριαρχεί,3.91
9024,λήξησ,3.91
9025,λαίδη,3.91
9026,λαμβάνεται,3.91
9027,λαϊκά,3.91
9028,λεία,3.91
9029,λογο,3.91
9030,λυθεί,3.91
9031,μάη,3.91
9032,μάρκου,3.91
9033,μακαρόνια,3.91
9034,μαϊμού,3.91
9035,μηπωσ,3.91
9036,μυτιλήνησ,3.91
9037,νίκαιασ,3.91
9038,να'σαι,3.91
9039,νορβηγία,3.91
9040,νταν,3.91
9041,ξέφυγε,3.91
9042,οδηγήσουν,3.91
9043,οδηγού,3.91
9044,οδικό,3.91
9045,ολόκληρησ,3.91
9046,πάνελ,3.91
9047,πέμπτησ,3.91
9048,παζλ,3.91
9049,παιδικέσ,3.91
9050,πγδμ,3.91
9051,πεζοδρόμιο,3.91
9052,περνάτε,3.91
9053,πιστέψεισ,3.91
9054,πιστή,3.91
9055,πλαστική,3.91
9056,πλατείεσ,3.91
9057,πνευματικήσ,3.91
9058,πολεμήσει,3.91
9059,πολεμιστέσ,3.91
9060,πολύτιμη,3.91
9061,πρεπε,3.91
9062,προσέχει,3.91
9063,προσφοράσ,3.91
9064,προχωράμε,3.91
9065,πρότασησ,3.91
9066,πυρόσ,3.91
9067,ράσελ,3.91
9068,ράφι,3.91
9069,ρα,3.91
9070,ρεύματα,3.91
9071,ρητορική,3.91
9072,ρουτίνα,3.91
9073,σεξουαλικήσ,3.91
9074,σουτιέν,3.91
9075,στάσεισ,3.91
9076,στέλνουμε,3.91
9077,στήν,3.91
9078,σταδιακή,3.91
9079,σταμάτησ,3.91
9080,στεφάνι,3.91
9081,στιούαρτ,3.91
9082,συγκεντρώσει,3.91
9083,συνέχιση,3.91
9084,συσκευασία,3.91
9085,συστημα,3.91
9086,σχήματοσ,3.91
9087,σχολειο,3.91
9088,σωλήνεσ,3.91
9089,τάσησ,3.91
9090,τίμησε,3.91
9091,ταλαιπωρία,3.91
9092,τείνει,3.91
9093,τοποθετούνται,3.91
9094,τουρκικών,3.91
9095,τραύματα,3.91
9096,τρόπου,3.91
9097,τόμοσ,3.91
9098,υγιεινήσ,3.91
9099,υπογραφέσ,3.91
9100,υποθέσουμε,3.91
9101,φίλησ,3.91
9102,φανάρι,3.91
9103,φορούν,3.91
9104,φροντίσει,3.91
9105,φτωχούσ,3.91
9106,φυλάκισησ,3.91
9107,φωνάζω,3.91
9108,φώναζε,3.91
9109,χαλάει,3.91
9110,χαλάρωση,3.91
9111,χεριού,3.91
9112,χοντρόσ,3.91
9113,ψ,3.91
9114,όρθιοσ,3.91
9115,άγγελοι,3.90
9116,άθλια,3.90
9117,άνοιξα,3.90
9118,άρρωστη,3.90
9119,έβαζα,3.90
9120,έπαιρνα,3.90
9121,έχασεσ,3.90
9122,αίγυπτοσ,3.90
9123,αγαπάτε,3.90
9124,αγαπημένεσ,3.90
9125,αγγίξει,3.90
9126,αδάμ,3.90
9127,αδελφότητα,3.90
9128,αθλητή,3.90
9129,αθώοσ,3.90
9130,αιτήσεων,3.90
9131,αιτωλοακαρνανίασ,3.90
9132,αλεξάντερ,3.90
9133,αληθινέσ,3.90
9134,αμερικάνικο,3.90
9135,ανάκληση,3.90
9136,ανέργων,3.90
9137,αναβολή,3.90
9138,αναζητούν,3.90
9139,ανακοίνωσαν,3.90
9140,ανοίγω,3.90
9141,ανταλλαγήσ,3.90
9142,αντιδρούν,3.90
9143,αξιοπιστία,3.90
9144,αξιών,3.90
9145,απάντησή,3.90
9146,απαραίτητεσ,3.90
9147,αποθήκευσησ,3.90
9148,αποκτούν,3.90
9149,απορίεσ,3.90
9150,απόσυρση,3.90
9151,αρχηγείο,3.90
9152,ασθενοφόρο,3.90
9153,ασθενούσ,3.90
9154,αστικού,3.90
9155,ασυνήθιστο,3.90
9156,ασφαλιστική,3.90
9157,αφετέρου,3.90
9158,βάθη,3.90
9159,βαριέσ,3.90
9160,βενετία,3.90
9161,βολή,3.90
9162,γενέθλιά,3.90
9163,γερμανικού,3.90
9164,γκολφ,3.90
9165,γλυφάδα,3.90
9166,γλυφάδασ,3.90
9167,γούστα,3.90
9168,γραβάτα,3.90
9169,γόνατα,3.90
9170,δέχτηκαν,3.90
9171,δήμαρχοι,3.90
9172,δειτε,3.90
9173,δεχόμαστε,3.90
9174,διευθύνει,3.90
9175,δομήσ,3.90
9176,εαμ,3.90
9177,εισιτηρίων,3.90
9178,εκδόσεων,3.90
9179,εκπρόσωπο,3.90
9180,ελευθερίου,3.90
9181,εμβέλειασ,3.90
9182,εμπλέκεται,3.90
9183,εξετάσεων,3.90
9184,εξοχικό,3.90
9185,επιδιώκει,3.90
9186,επιστημονικών,3.90
9187,επιχειρεί,3.90
9188,εργαστηρίου,3.90
9189,εσσδ,3.90
9190,ευαίσθητη,3.90
9191,ευαγγέλιο,3.90
9192,ευθύνεται,3.90
9193,εφιάλτεσ,3.90
9194,εύβοιασ,3.90
9195,ημών,3.90
9196,θαυμαστέσ,3.90
9197,θεωρούμε,3.90
9198,θεωρούσε,3.90
9199,ιάπωνεσ,3.90
9200,ιού,3.90
9201,κάνανε,3.90
9202,κάψει,3.90
9203,καίσαρα,3.90
9204,καθαρισμό,3.90
9205,καραϊσκάκη,3.90
9206,κατάφερεσ,3.90
9207,καταστατικό,3.90
9208,κινέζικα,3.90
9209,κινητήρασ,3.90
9210,κλέβουν,3.90
9211,κλίματοσ,3.90
9212,κολύμβησησ,3.90
9213,κούκλεσ,3.90
9214,κρίσιμεσ,3.90
9215,κυβερνήσεωσ,3.90
9216,λάμπα,3.90
9217,λήξει,3.90
9218,λειτουργικά,3.90
9219,λούκασ,3.90
9220,μάκησ,3.90
9221,μίλησα,3.90
9222,μαύρησ,3.90
9223,μεθόδων,3.90
9224,μετέφεραν,3.90
9225,μηνεσ,3.90
9226,μητροπόλεωσ,3.90
9227,μηχανικοί,3.90
9228,μισοί,3.90
9229,μο,3.90
9230,μοιράζεται,3.90
9231,μολονότι,3.90
9232,μολύβι,3.90
9233,μπάρι,3.90
9234,μπλέξει,3.90
9235,μυθολογία,3.90
9236,μόνικα,3.90
9237,νερο,3.90
9238,νεότερη,3.90
9239,ξεχάστε,3.90
9240,ξύλινα,3.90
9241,ομίλων,3.90
9242,ομόλογα,3.90
9243,οποιο,3.90
9244,ορίσει,3.90
9245,ορθοδοξία,3.90
9246,ουν,3.90
9247,ουσιαστική,3.90
9248,πάτρικ,3.90
9249,πάψει,3.90
9250,πέταξα,3.90
9251,πίστεψε,3.90
9252,πανιώνιο,3.90
9253,παπάσ,3.90
9254,παπαγεωργίου,3.90
9255,παράλογο,3.90
9256,παρί,3.90
9257,παρω,3.90
9258,περήφανοι,3.90
9259,περίσταση,3.90
9260,πετύχεισ,3.90
9261,πιάσουν,3.90
9262,πλειονότητα,3.90
9263,πληροφόρησησ,3.90
9264,πληρώματοσ,3.90
9265,πολύτιμα,3.90
9266,πραγμα,3.90
9267,πραγματικα,3.90
9268,πραγματοποίησαν,3.90
9269,προδότεσ,3.90
9270,προσεγγίσεισ,3.90
9271,προσπαθούσαν,3.90
9272,προτίμηση,3.90
9273,πρωτότυπα,3.90
9274,πόρνη,3.90
9275,σαιζόν,3.90
9276,σαμπουάν,3.90
9277,σιδήρου,3.90
9278,σκιέσ,3.90
9279,σκοπιά,3.90
9280,σοβιετική,3.90
9281,σούπα,3.90
9282,σπάνιεσ,3.90
9283,σπασμένα,3.90
9284,στάσου,3.90
9285,στρατιωτικοί,3.90
9286,στρατιωτικόσ,3.90
9287,συγκεκριμένοσ,3.90
9288,συγκρότηση,3.90
9289,συλλάβει,3.90
9290,συμμαχίασ,3.90
9291,συμπεριλαμβάνονται,3.90
9292,συνηθισμένα,3.90
9293,συχνή,3.90
9294,σχολίασε,3.90
9295,σύμπτωση,3.90
9296,σύννεφο,3.90
9297,τέκνα,3.90
9298,τελευταια,3.90
9299,τζίμι,3.90
9300,τροποποιήσεισ,3.90
9301,υγειά,3.90
9302,υιόσ,3.90
9303,υποφέρουν,3.90
9304,υπόσχεται,3.90
9305,φαινομένων,3.90
9306,φανερό,3.90
9307,φανταστεί,3.90
9308,φτιαγμένο,3.90
9309,φόροι,3.90
9310,φύγαμε,3.90
9311,χάλυβα,3.90
9312,χάνονται,3.90
9313,χαζόσ,3.90
9314,χαμηλότερα,3.90
9315,χωριστά,3.90
9316,ψιλά,3.90
9317,ύμνο,3.90
9318,ώπα,3.90
9319,άκρων,3.89
9320,άνθη,3.89
9321,άποψή,3.89
9322,άσκησησ,3.89
9323,ένσταση,3.89
9324,έριξαν,3.89
9325,ήρθατε,3.89
9326,ήσασταν,3.89
9327,αγαπημένουσ,3.89
9328,ανίχνευση,3.89
9329,ανακοινωση,3.89
9330,ανεβάζει,3.89
9331,ανεξάρτητο,3.89
9332,ανησυχούν,3.89
9333,αντίδρασησ,3.89
9334,απελευθέρωσησ,3.89
9335,αποδεκτό,3.89
9336,αποκλεισμόσ,3.89
9337,αποτρέψει,3.89
9338,απουσίασ,3.89
9339,αποφασίσαμε,3.89
9340,αριστερόσ,3.89
9341,ασθένειασ,3.89
9342,ατρόμητοσ,3.89
9343,βάρη,3.89
9344,βίο,3.89
9345,βαρεθεί,3.89
9346,βιβλιογραφία,3.89
9347,βιομηχανίεσ,3.89
9348,βλέμματα,3.89
9349,βοηθήσετε,3.89
9350,βοηθούσε,3.89
9351,βρετανόσ,3.89
9352,γίναμε,3.89
9353,γερμανικών,3.89
9354,γιάννενα,3.89
9355,γουρούνια,3.89
9356,γουστάρεισ,3.89
9357,γραπτή,3.89
9358,γραφικά,3.89
9359,δημοκρατικού,3.89
9360,δημοσκόπηση,3.89
9361,δημόσιουσ,3.89
9362,διαβατήριο,3.89
9363,διακρίνεται,3.89
9364,διακόπτη,3.89
9365,διαλύσει,3.89
9366,διαμορφώθηκε,3.89
9367,διασπορά,3.89
9368,διαφυγήσ,3.89
9369,διαχειρίζεται,3.89
9370,διαχρονικά,3.89
9371,διοργανώσεισ,3.89
9372,δούκα,3.89
9373,εδρεύει,3.89
9374,ειρωνεία,3.89
9375,εκδότη,3.89
9376,εκτόξευση,3.89
9377,ελαιόλαδο,3.89
9378,ελεύθερου,3.89
9379,εμπιστεύομαι,3.89
9380,εμπορικού,3.89
9381,εμφυλίου,3.89
9382,εννοούσε,3.89
9383,εντοπίστηκαν,3.89
9384,εξασφάλισε,3.89
9385,εορτασμό,3.89
9386,επιθετική,3.89
9387,επικράτηση,3.89
9388,επιπλοκέσ,3.89
9389,επιστημόνων,3.89
9390,ερωτευμένη,3.89
9391,ετοιμάζονται,3.89
9392,ευτυχίασ,3.89
9393,ζητάτε,3.89
9394,ζητήσουν,3.89
9395,θέατρα,3.89
9396,θέλοντασ,3.89
9397,θανάτουσ,3.89
9398,θεώρησε,3.89
9399,κάτσεισ,3.89
9400,καναλιού,3.89
9401,κατέβηκε,3.89
9402,κατασκευασμένο,3.89
9403,κατηγορείται,3.89
9404,κατηγόρησε,3.89
9405,καύση,3.89
9406,κεφαλονιά,3.89
9407,κλαίω,3.89
9408,κλασικά,3.89
9409,κλιματική,3.89
9410,κρέατοσ,3.89
9411,κρασιού,3.89
9412,κρυμμένο,3.89
9413,κτελ,3.89
9414,κυρ,3.89
9415,κυρίαρχη,3.89
9416,κόλλησε,3.89
9417,κόμβο,3.89
9418,κόμικσ,3.89
9419,κόψεισ,3.89
9420,λάμπροσ,3.89
9421,μάγια,3.89
9422,μέτωπα,3.89
9423,μαγνητική,3.89
9424,μαζικά,3.89
9425,μαθήτρια,3.89
9426,μαλακά,3.89
9427,μαλιστα,3.89
9428,ματιών,3.89
9429,μεγαλύτερου,3.89
9430,μεσσηνία,3.89
9431,μεταναστευτικό,3.89
9432,μπάμπησ,3.89
9433,ναυπλίου,3.89
9434,νηστεία,3.89
9435,νοκ,3.89
9436,νομοθετική,3.89
9437,νοσοκομειο,3.89
9438,ντο,3.89
9439,ολυμπία,3.89
9440,οντότητα,3.89
9441,οποιουδήποτε,3.89
9442,οργανώνει,3.89
9443,πέοσ,3.89
9444,πανικό,3.89
9445,παραγωγοί,3.89
9446,παρακολουθήσει,3.89
9447,παρισιού,3.89
9448,περάστε,3.89
9449,περήφανη,3.89
9450,περιεκτικότητα,3.89
9451,πιστούσ,3.89
9452,πληκτρολόγιο,3.89
9453,πνοή,3.89
9454,ποικιλίεσ,3.89
9455,πολυτέλεια,3.89
9456,ποστ,3.89
9457,πρακτορείο,3.89
9458,προέκυψαν,3.89
9459,προδιαγραφέσ,3.89
9460,προετοιμασίασ,3.89
9461,προπονήσεισ,3.89
9462,προσδιορισμό,3.89
9463,πόντο,3.89
9464,πότερ,3.89
9465,ρίξουμε,3.89
9466,σαλαμίνα,3.89
9467,σαφή,3.89
9468,σηκωθεί,3.89
9469,σηκώθηκε,3.89
9470,σημαντικούσ,3.89
9471,σημείου,3.89
9472,σιρόπι,3.89
9473,σοφόσ,3.89
9474,σπιτάκι,3.89
9475,σταματάσ,3.89
9476,στρατηγού,3.89
9477,στρατιωτικά,3.89
9478,στρατιωτικούσ,3.89
9479,στρατιωτών,3.89
9480,στό,3.89
9481,στόχου,3.89
9482,συγκροτήματα,3.89
9483,συγχώνευση,3.89
9484,συνεχόμενεσ,3.89
9485,συνθέσεισ,3.89
9486,συνθήκησ,3.89
9487,σχεδιασμένο,3.89
9488,σωματικά,3.89
9489,σωτηρίασ,3.89
9490,σύγχρονοσ,3.89
9491,τέσσερεισ,3.89
9492,τέτοιων,3.89
9493,τελ,3.89
9494,τελειώσουν,3.89
9495,τζεφ,3.89
9496,τηγάνι,3.89
9497,τηλεφώνου,3.89
9498,τονίζει,3.89
9499,τρελοί,3.89
9500,τρομοκρατική,3.89
9501,τσάρλι,3.89
9502,τυφλόσ,3.89
9503,τόνισε,3.89
9504,υποβρύχια,3.89
9505,υποδοχήσ,3.89
9506,υπολογισμό,3.89
9507,υπουργέ,3.89
9508,υπουργεία,3.89
9509,φούστα,3.89
9510,φρέσκα,3.89
9511,φτωχοί,3.89
9512,φωτογραφιών,3.89
9513,χάλκινο,3.89
9514,χάρισμα,3.89
9515,χι,3.89
9516,χριστουγεννιάτικο,3.89
9517,χρωστάω,3.89
9518,ψάξε,3.89
